date,ticker,open,high,low,close,volume,price_adjusted
2016-01-04,^MXX,42963.8984375,42963.8984375,41897.48046875,42113.69921875,122098600,42113.69921875
2016-01-05,^MXX,42118.6015625,42346.140625,41859.26953125,42041.6796875,186120200,42041.6796875
2016-01-06,^MXX,42039.23046875,42039.23046875,41627.98046875,41691.19140625,185518000,41691.19140625
2016-01-07,^MXX,41688.75,41688.75,40611.30078125,40661.5703125,263904200,40661.5703125
2016-01-08,^MXX,40661.80859375,41242.55859375,40154.94140625,40265.37109375,373461300,40265.37109375
2016-01-11,^MXX,40254.5,40749.6796875,40128.46875,40706.890625,220635600,40706.890625
2016-01-12,^MXX,40717.98828125,41070.9296875,40717.98828125,41022.73828125,217279500,41022.73828125
2016-01-13,^MXX,41026.55078125,41270.94140625,40463.640625,41008.78125,207644900,41008.78125
2016-01-14,^MXX,41026.55078125,41385.53125,40731.80078125,41352.75,162045600,41352.75
2016-01-15,^MXX,41350.30078125,41350.30078125,40298.01953125,40847.69921875,258729300,40847.69921875
2016-01-18,^MXX,40842.8203125,40854.640625,40440.359375,40604.7890625,36417700,40604.7890625
2016-01-19,^MXX,40611.8515625,41136.48828125,40494.05859375,40809.25,220643500,40809.25
2016-01-20,^MXX,40807.21875,40845.03125,39924.08984375,40844.41015625,239363100,40844.41015625
2016-01-21,^MXX,40833.26953125,41339.48828125,40557.328125,41166.87890625,252258400,41166.87890625
2016-01-22,^MXX,41207.98046875,41744.421875,41207.98046875,41621.30859375,252181900,41621.30859375
2016-01-25,^MXX,41623.23046875,41678.3515625,41344.25,41476.3515625,142720900,41476.3515625
2016-01-26,^MXX,41474.44921875,42037.55859375,41451.19921875,41932.390625,189517800,41932.390625
2016-01-27,^MXX,41923.4296875,42394.08984375,41823.87890625,42109.890625,356684100,42109.890625
2016-01-28,^MXX,42101.078125,42445.44921875,42055.26953125,42393.01953125,247397500,42393.01953125
2016-01-29,^MXX,42386.23046875,43631.1796875,42370.98046875,43630.76953125,376037300,43630.76953125
2016-02-02,^MXX,43639.921875,43639.921875,42884.51171875,43092.48828125,341856100,43092.48828125
2016-02-03,^MXX,43120.671875,43306.37890625,42916.01171875,43257.5390625,264681900,43257.5390625
2016-02-04,^MXX,43255.1015625,44260.23046875,43255.1015625,43751.9296875,359740800,43751.9296875
2016-02-05,^MXX,43759,43833.76171875,43215.96875,43229.671875,221241100,43229.671875
2016-02-08,^MXX,43229.7890625,43229.7890625,42546.62890625,42774.8515625,201984900,42774.8515625
2016-02-09,^MXX,42775.69140625,42887.390625,42192.7890625,42399.19140625,325409400,42399.19140625
2016-02-10,^MXX,42401.91015625,42936.859375,42268.859375,42535.73828125,243093300,42535.73828125
2016-02-11,^MXX,42540.4609375,42540.4609375,41757.3984375,42359.26171875,221208600,42359.26171875
2016-02-12,^MXX,42351.12109375,42635.6484375,42275.7890625,42416.44140625,186017400,42416.44140625
2016-02-15,^MXX,42414.80859375,43223.9609375,42414.80859375,43205.91015625,59431500,43205.91015625
2016-02-16,^MXX,43205.4296875,43352.37890625,42847.5,43100.3203125,181206800,43100.3203125
2016-02-17,^MXX,43103.30859375,43585.30859375,43019.6484375,43585.23046875,408303000,43585.23046875
2016-02-18,^MXX,43561.05859375,43731.671875,43278.80078125,43516.66015625,280000800,43516.66015625
2016-02-19,^MXX,43517.16015625,43618.6015625,43219.328125,43375.30859375,176837500,43375.30859375
2016-02-22,^MXX,43379.171875,43882.23046875,43379.171875,43546.71875,252292800,43546.71875
2016-02-23,^MXX,43550.7890625,43672.96875,43143.58984375,43216.578125,180166200,43216.578125
2016-02-24,^MXX,43221.05859375,43234.37109375,42364.890625,42744.91015625,119479000,42744.91015625
2016-02-25,^MXX,43177.53125,43445.1484375,42938.98828125,43434.55078125,169139700,43434.55078125
2016-02-26,^MXX,43449.91015625,43611.69921875,43239.3984375,43473.37109375,109647900,43473.37109375
2016-02-29,^MXX,43475,43723.859375,43326.94140625,43714.9296875,329045100,43714.9296875
2016-03-01,^MXX,43717.6484375,44280.1796875,43715.98828125,44214.5,278917500,44214.5
2016-03-02,^MXX,44198.390625,44739.01171875,44165.6015625,44615.75,276951200,44615.75
2016-03-03,^MXX,44616.4609375,44869.96875,44561.0390625,44742.21875,220570800,44742.21875
2016-03-04,^MXX,44740.53125,45255.921875,44740.53125,44849.01953125,277745000,44849.01953125
2016-03-07,^MXX,44855.25,45146.328125,44850.96875,44967.16015625,231035400,44967.16015625
2016-03-08,^MXX,44967.21875,45017.62890625,44335.390625,44504.2890625,255965700,44504.2890625
2016-03-09,^MXX,44507.48828125,44668.3984375,44189.55859375,44492.5,250427200,44492.5
2016-03-10,^MXX,44499.48828125,44779.08984375,43965.23046875,44337.0390625,200516900,44337.0390625
2016-03-11,^MXX,44338.94140625,45007.26953125,44338.94140625,44617.73828125,157398300,44617.73828125
2016-03-14,^MXX,44746.328125,44873.25,44548.55078125,44691.80078125,183846000,44691.80078125
2016-03-15,^MXX,44691.01171875,44694.30859375,44139.5390625,44210.44140625,194115100,44210.44140625
2016-03-16,^MXX,44207.5390625,44751.62109375,44026.1796875,44751.3984375,223581100,44751.3984375
2016-03-17,^MXX,44751.3984375,45507.87109375,44644.33984375,45435.08984375,336601600,45435.08984375
2016-03-18,^MXX,45436.1796875,46129.66015625,45203.171875,45482.390625,616315100,45482.390625
2016-03-22,^MXX,45464.53125,45632.28125,45308.30078125,45632.28125,208791200,45632.28125
2016-03-23,^MXX,45632.62890625,45713.75,45365.5390625,45647.5703125,199402700,45647.5703125
2016-03-28,^MXX,45652.44140625,45847.26171875,45458.58984375,45623.48046875,160121800,45623.48046875
2016-03-29,^MXX,45623.2109375,45910.80859375,45456.140625,45897.6484375,247041200,45897.6484375
2016-03-30,^MXX,45894.3984375,46307.609375,45808.55078125,46191.51171875,274078600,46191.51171875
2016-03-31,^MXX,46188.1015625,46276.98828125,45663.62890625,45881.078125,289894600,45881.078125
2016-04-01,^MXX,45877.390625,46068.30859375,45509.08984375,46062.921875,152704400,46062.921875
2016-04-04,^MXX,46067.25,46077.1015625,45454.1015625,45678.1796875,158253200,45678.1796875
2016-04-05,^MXX,45678.33984375,45678.33984375,45183.7109375,45186.01171875,173672700,45186.01171875
2016-04-06,^MXX,45183.30078125,45370.7890625,45023.51171875,45281.96875,180774900,45281.96875
2016-04-07,^MXX,45278.80859375,45290.03125,44834.23828125,45052.16015625,209972000,45052.16015625
2016-04-08,^MXX,45074.30859375,45382.66015625,44797.16015625,44859.48828125,189312000,44859.48828125
2016-04-11,^MXX,44864.8515625,45112.55859375,44745.109375,44760.53125,168199500,44760.53125
2016-04-12,^MXX,44765.3515625,45126.921875,44708.62890625,45090.671875,181345900,45090.671875
2016-04-13,^MXX,45095.26953125,45483.21875,45076.98828125,45411.30078125,213032800,45411.30078125
2016-04-14,^MXX,45411.5390625,45624.53125,45363.828125,45403.5390625,179087100,45403.5390625
2016-04-15,^MXX,45401.58984375,45636.171875,45390.828125,45536.51953125,172203600,45536.51953125
2016-04-18,^MXX,45518.62109375,45561.44140625,44956.23046875,45022.62890625,169798500,45022.62890625
2016-04-19,^MXX,45027.0390625,45881.66015625,45027.0390625,45780.1796875,225798400,45780.1796875
2016-04-20,^MXX,45780.51171875,45834.5703125,45507.41015625,45650.3515625,189085300,45650.3515625
2016-04-21,^MXX,45653.2109375,45860.01171875,45539.359375,45556.6484375,210756800,45556.6484375
2016-04-22,^MXX,45556.109375,45825.3203125,45556.109375,45613.2109375,177836100,45613.2109375
2016-04-25,^MXX,45608.328125,45804.94140625,45383.078125,45581.19921875,172066100,45581.19921875
2016-04-26,^MXX,45584,45691.80078125,45279.55078125,45416.8984375,198851900,45416.8984375
2016-04-27,^MXX,45566.890625,45965.44140625,45566.890625,45941.51953125,242688300,45941.51953125
2016-04-28,^MXX,45940.98046875,45982.83984375,45189.62890625,45528.9296875,378055500,45528.9296875
2016-04-29,^MXX,45534.26171875,45784.80078125,45416.05859375,45784.76953125,243404200,45784.76953125
2016-05-02,^MXX,45785.9609375,45847.4296875,45502.51953125,45707.87109375,170577900,45707.87109375
2016-05-03,^MXX,45706.44921875,45706.44921875,45238.3203125,45647.8203125,280555100,45647.8203125
2016-05-04,^MXX,45649.140625,45649.140625,45060.0703125,45349,370291800,45349
2016-05-05,^MXX,45350.28125,45440.46875,45066.91015625,45147.96875,202128500,45147.96875
2016-05-06,^MXX,45142.8203125,45243.19140625,44925.46875,45209.8515625,165377400,45209.8515625
2016-05-09,^MXX,45209.03125,45320.3515625,44823.2109375,45250.33984375,187012200,45250.33984375
2016-05-10,^MXX,45257.109375,45684.6796875,45143.01953125,45676.41015625,195378000,45676.41015625
2016-05-11,^MXX,45663.609375,45733.171875,45461.4296875,45506.87109375,228305200,45506.87109375
2016-05-12,^MXX,45514.6484375,45838.171875,45437.48046875,45685.8203125,174676000,45685.8203125
2016-05-13,^MXX,45684.46875,45736.98046875,45373.2109375,45402.46875,171890900,45402.46875
2016-05-16,^MXX,45402.73828125,45863.76171875,45381.83984375,45843.140625,144549200,45843.140625
2016-05-17,^MXX,45846.98828125,45912.0390625,45621.80078125,45872.1796875,180429800,45872.1796875
2016-05-18,^MXX,45871.03125,45887.76953125,45395.05859375,45551.19921875,181326400,45551.19921875
2016-05-19,^MXX,45551.08984375,45555.3515625,44898.4296875,45051.26953125,184254800,45051.26953125
2016-05-20,^MXX,45053.5703125,45321.48828125,45042.3515625,45155.91015625,152138300,45155.91015625
2016-05-23,^MXX,45159.328125,45349.828125,45046.30078125,45236.16015625,159540800,45236.16015625
2016-05-24,^MXX,45233.98828125,45523.8984375,45226.69921875,45497.4609375,205438600,45497.4609375
2016-05-25,^MXX,45496.640625,45882.73046875,45494.9296875,45710.94140625,261125100,45710.94140625
2016-05-26,^MXX,45705.51953125,46080.8203125,45688.640625,46039.69140625,297591200,46039.69140625
2016-05-27,^MXX,46040.23046875,46220.62890625,45996.73828125,46124.1484375,184564700,46124.1484375
2016-05-30,^MXX,46119.5390625,46204.44921875,45936.23046875,46017.2109375,50463900,46017.2109375
2016-05-31,^MXX,46026.1484375,46069.12890625,45371.73046875,45459.44921875,645087400,45459.44921875
2016-06-01,^MXX,45468.5390625,45612.44140625,45268.83984375,45557.609375,208113200,45557.609375
2016-06-02,^MXX,45549.58984375,45745.80859375,45458.8515625,45508.30859375,185821800,45508.30859375
2016-06-03,^MXX,45508.4609375,45933.51171875,45450.46875,45928.23046875,188390700,45928.23046875
2016-06-06,^MXX,45929.30859375,46114.94921875,45821.3984375,45857.73046875,205844900,45857.73046875
2016-06-07,^MXX,45852.28125,46277.140625,45852.28125,46124.62890625,314238600,46124.62890625
2016-06-08,^MXX,46127.62109375,46545.3203125,46015.859375,46263.83984375,306667900,46263.83984375
2016-06-09,^MXX,46266.26953125,46308.05078125,45660.3515625,45662.7109375,242848000,45662.7109375
2016-06-10,^MXX,45655.94140625,45655.94140625,45163.44921875,45177.5,188095800,45177.5
2016-06-13,^MXX,45170.4609375,45180.640625,44709.1796875,44930.25,166801300,44930.25
2016-06-14,^MXX,44935.03125,44968.5390625,44389.23828125,44570.58984375,186815300,44570.58984375
2016-06-15,^MXX,44562.73046875,45107.05078125,44491.12109375,45011.21875,207926700,45011.21875
2016-06-16,^MXX,45017.44921875,45225.3984375,44580.69921875,45225.3984375,157370200,45225.3984375
2016-06-17,^MXX,45227.69921875,45394.87890625,45106.7109375,45306.21875,281640500,45306.21875
2016-06-20,^MXX,45306.359375,45978.859375,45306.359375,45779.66015625,174117300,45779.66015625
2016-06-21,^MXX,45781.98828125,45843.0703125,45421.44140625,45705.421875,174634600,45705.421875
2016-06-22,^MXX,45706.19140625,45809.08984375,45612.421875,45806.16015625,141267100,45806.16015625
2016-06-23,^MXX,45820.69921875,46145.921875,45820.69921875,46145.921875,154551700,46145.921875
2016-06-24,^MXX,46119.921875,46153.6796875,44501,44885.8203125,323558900,44885.8203125
2016-06-27,^MXX,44888.94921875,44888.94921875,43902.25,44282.03125,277445800,44282.03125
2016-06-28,^MXX,44297.58984375,44960.890625,44297.58984375,44714.5390625,240293700,44714.5390625
2016-06-29,^MXX,44725.80859375,45584.7890625,44700.4296875,45466.37109375,217069200,45466.37109375
2016-06-30,^MXX,45466.37109375,45967.21875,45419.73046875,45966.48828125,271556400,45966.48828125
2016-07-01,^MXX,45973.19921875,46251.80859375,45831.328125,46213.26953125,134616100,46213.26953125
2016-07-04,^MXX,46213.26953125,46429.05078125,46135.08984375,46201.328125,29013300,46201.328125
2016-07-05,^MXX,46200.21875,46341.23828125,45669.66015625,45819.6015625,198145900,45819.6015625
2016-07-06,^MXX,45819.62109375,45820.2109375,45104.87109375,45304.75,186619900,45304.75
2016-07-07,^MXX,45300.23046875,45655.76171875,45215.140625,45394.37109375,207536400,45394.37109375
2016-07-08,^MXX,45393.28125,45744.62109375,45344.01953125,45744.2890625,163032200,45744.2890625
2016-07-11,^MXX,45743.48828125,46218.51171875,45743.48828125,46177.609375,176525200,46177.609375
2016-07-12,^MXX,46183.78125,46520.05078125,46183.78125,46432.69921875,231131900,46432.69921875
2016-07-13,^MXX,46432.69921875,46614.19140625,46187.6484375,46271.96875,190507900,46271.96875
2016-07-14,^MXX,46273.6015625,46765.2109375,46273.6015625,46498.51171875,241847800,46498.51171875
2016-07-15,^MXX,46503.0703125,46767.30859375,46500.390625,46713.4296875,198810600,46713.4296875
2016-07-18,^MXX,46711.94140625,47108.6484375,46611.55859375,46961.25,195195200,46961.25
2016-07-19,^MXX,46966.609375,47134.26953125,46826.87109375,47060.5703125,188935000,47060.5703125
2016-07-20,^MXX,47054.671875,47505.25,46936.51171875,47505.25,189237500,47505.25
2016-07-21,^MXX,47503.6015625,47648.41015625,47313.30859375,47364.80859375,166222500,47364.80859375
2016-07-22,^MXX,47363.078125,47589.44921875,47359.53125,47537.28125,113132900,47537.28125
2016-07-25,^MXX,47524.390625,47785.2890625,46971.69921875,47130.41015625,156491900,47130.41015625
2016-07-26,^MXX,47129.48046875,47343.05078125,46921.3984375,46927,219741400,46927
2016-07-27,^MXX,46933.76171875,47575.26171875,46664.16015625,46812.0703125,344547900,46812.0703125
2016-07-28,^MXX,46818.859375,46872.12109375,46402.51171875,46833.87109375,305668500,46833.87109375
2016-07-29,^MXX,46820.1796875,46824.73828125,46304.19140625,46660.671875,347960700,46660.671875
2016-08-01,^MXX,46654.5,46887.921875,46638.44140625,46807.23828125,159960500,46807.23828125
2016-08-02,^MXX,46806.078125,46806.078125,46143.80859375,46558.359375,214453300,46558.359375
2016-08-03,^MXX,46556.21875,46888.4296875,46311.28125,46844.53125,214305900,46844.53125
2016-08-04,^MXX,46839.19140625,47102.2109375,46678.609375,46941.4609375,149832400,46941.4609375
2016-08-05,^MXX,46940.23046875,47197.109375,46931.25,47194.1484375,180708100,47194.1484375
2016-08-08,^MXX,47207.75,47539.21875,47012.01171875,47368.6484375,176551200,47368.6484375
2016-08-09,^MXX,47375.58984375,47801.76953125,47363.26171875,47630.37109375,257905900,47630.37109375
2016-08-10,^MXX,47635.44140625,47902.8203125,47565.3203125,47797.69921875,220397200,47797.69921875
2016-08-11,^MXX,47833.87890625,48434.76953125,47713.83984375,48341.94921875,315230500,48341.94921875
2016-08-12,^MXX,48348.26953125,48570.98828125,48096.1015625,48363.890625,233046100,48363.890625
2016-08-15,^MXX,48366.890625,48956.05859375,48361,48694.8984375,271663300,48694.8984375
2016-08-16,^MXX,48699.171875,48800.23828125,48334.96875,48351.9609375,204458300,48351.9609375
2016-08-17,^MXX,48351.16015625,48556.078125,48100.140625,48258.9296875,209872300,48258.9296875
2016-08-18,^MXX,48253.0390625,48492.8515625,47930.87109375,48437.1015625,185065000,48437.1015625
2016-08-19,^MXX,48432.05078125,48557.78125,48167.921875,48297.4609375,127776500,48297.4609375
2016-08-22,^MXX,48289.30078125,48367.05078125,47899.01171875,48293.4609375,146537800,48293.4609375
2016-08-23,^MXX,48290.08984375,48494.359375,47665.94140625,47666.01953125,209827500,47666.01953125
2016-08-24,^MXX,47660.98046875,47925.51171875,47480.578125,47743.609375,163366300,47743.609375
2016-08-25,^MXX,47741.55078125,47867.8984375,47642.25,47734.19921875,231256400,47734.19921875
2016-08-26,^MXX,47729.55859375,48002.4609375,47095.08984375,47369.5703125,286852200,47369.5703125
2016-08-29,^MXX,47357.7890625,47646.2109375,47310.12890625,47599.12109375,151480600,47599.12109375
2016-08-30,^MXX,47610.05859375,47832.3984375,47445.87890625,47650.5703125,155374200,47650.5703125
2016-08-31,^MXX,47649.69140625,47768.96875,47341.8984375,47541.3203125,439097000,47541.3203125
2016-09-01,^MXX,47544.0390625,47655.609375,47314.8203125,47563.33984375,193508900,47563.33984375
2016-09-02,^MXX,47551.109375,48096.3203125,47204.05859375,47787.98828125,140465700,47787.98828125
2016-09-05,^MXX,47786.98046875,47968.16015625,47786.5,47842.23046875,19169100,47842.23046875
2016-09-06,^MXX,47839.8984375,47868.76953125,47304.828125,47626.98046875,186221600,47626.98046875
2016-09-07,^MXX,47623.23046875,47676.6015625,47178.76171875,47398.69921875,177870300,47398.69921875
2016-09-08,^MXX,47397.890625,47492.98046875,47250.03125,47416.96875,180546300,47416.96875
2016-09-09,^MXX,47419.69140625,47421.140625,46459.171875,46459.171875,256925800,46459.171875
2016-09-12,^MXX,46456.87890625,46782.05859375,45934.01953125,46720.9609375,268039400,46720.9609375
2016-09-13,^MXX,46719.23046875,46719.23046875,46012.23828125,46154.19921875,270198400,46154.19921875
2016-09-14,^MXX,46137.73828125,46408.0390625,45700.69921875,45767.5703125,249860800,45767.5703125
2016-09-15,^MXX,45767.37109375,45975.78125,45679.5703125,45922.91015625,477097000,45922.91015625
2016-09-19,^MXX,45927.48828125,46131.4296875,45737.4296875,45871.0390625,191987000,45871.0390625
2016-09-20,^MXX,45869.69140625,46421.6796875,45869.69140625,46341.328125,156466200,46341.328125
2016-09-21,^MXX,46345.37890625,46943.69921875,46344.0390625,46929.19140625,255440800,46929.19140625
2016-09-22,^MXX,46930.33984375,47975.55859375,46930.33984375,47975.05078125,258041400,47975.05078125
2016-09-23,^MXX,47967.171875,47967.2109375,47435.8203125,47778.48046875,223268400,47778.48046875
2016-09-26,^MXX,47776.94140625,47776.94140625,47094.48828125,47252.5390625,232475400,47252.5390625
2016-09-27,^MXX,47257.30078125,47731.859375,46971.640625,47731.83984375,249363300,47731.83984375
2016-09-28,^MXX,47734.2890625,48175.26953125,47639.19140625,48046.55859375,203341900,48046.55859375
2016-09-29,^MXX,48045.2109375,48488.3515625,47511.48046875,47672.0703125,217104400,47672.0703125
2016-09-30,^MXX,47673.6015625,47961.390625,47245.08984375,47245.80078125,210376900,47245.80078125
2016-10-03,^MXX,47250.55078125,47607.28125,47080.01953125,47601.9296875,139095500,47601.9296875
2016-10-04,^MXX,47602.2890625,47986.2890625,47495.23828125,47909.26953125,178107800,47909.26953125
2016-10-05,^MXX,47909.171875,48226.08984375,47904.94140625,48141.421875,160516000,48141.421875
2016-10-06,^MXX,48124.28125,48132.62890625,47832.609375,47944.76953125,143658400,47944.76953125
2016-10-07,^MXX,47946.30078125,47946.30078125,47460.33984375,47596.6015625,134403200,47596.6015625
2016-10-10,^MXX,47597.91015625,48413.66015625,47555.21875,48264.9609375,193082400,48264.9609375
2016-10-11,^MXX,48265.55859375,48272.1015625,47990.7890625,48014.3984375,202811100,48014.3984375
2016-10-12,^MXX,48015.0703125,48069.91015625,47740.03125,47915.12109375,145549600,47915.12109375
2016-10-13,^MXX,47913.76953125,47913.76953125,47429.171875,47741.5390625,199956500,47741.5390625
2016-10-14,^MXX,47746.33984375,48041.05078125,47645.48828125,47701.44921875,249710700,47701.44921875
2016-10-17,^MXX,47699.75,47918.6015625,47637.4296875,47657.328125,157917600,47657.328125
2016-10-18,^MXX,47661.46875,48129.94921875,47661.46875,48106.12109375,253865900,48106.12109375
2016-10-19,^MXX,48107.66015625,48572.640625,48006.08984375,48492.609375,186797100,48492.609375
2016-10-20,^MXX,48479.66015625,48563.62109375,48188.05859375,48274.25,133216400,48274.25
2016-10-21,^MXX,48273.8515625,48533.94140625,48123.91015625,48418.3984375,158116200,48418.3984375
2016-10-24,^MXX,48423.19921875,48619.44140625,48299.30078125,48431.25,132462100,48431.25
2016-10-25,^MXX,48423.0703125,48432.96875,48057.0390625,48093.53125,171587700,48093.53125
2016-10-26,^MXX,48095.05859375,48122.671875,47726.859375,47805.44140625,186391500,47805.44140625
2016-10-27,^MXX,47804.62890625,48115.48828125,47770.578125,48114.671875,156791200,48114.671875
2016-10-28,^MXX,48113.87109375,48371.51171875,47534.05859375,48007.19921875,416532800,48007.19921875
2016-10-31,^MXX,48002.2109375,48245.1484375,47818.33984375,48009.28125,218268600,48009.28125
2016-11-01,^MXX,48021.2890625,48157.12890625,47061.8984375,47303.30859375,244594200,47303.30859375
2016-11-03,^MXX,47286.16015625,47480.66015625,46683.80078125,46683.80078125,325313500,46683.80078125
2016-11-04,^MXX,46684.3984375,47369.78125,46441.4609375,46694.80859375,291450100,46694.80859375
2016-11-07,^MXX,46695.01171875,48373.19140625,46695.01171875,48050.25,326662300,48050.25
2016-11-08,^MXX,48049.75,48672.94140625,48049.75,48470.98828125,262930600,48470.98828125
2016-11-09,^MXX,48450.37890625,48450.37890625,46354.69140625,47390.66015625,511336300,47390.66015625
2016-11-10,^MXX,47389.75,48124.51171875,45209.8984375,45224.37890625,603648700,45224.37890625
2016-11-11,^MXX,45229.1796875,45743.48828125,44737.96875,44978.25,465050100,44978.25
2016-11-14,^MXX,44995.96875,45956.25,44995.87890625,45306.48046875,320482300,45306.48046875
2016-11-15,^MXX,45305.96875,46142.19921875,45023.6484375,45023.6484375,317715500,45023.6484375
2016-11-16,^MXX,45039.078125,45406.2109375,44788.12890625,44901.5703125,363921900,44901.5703125
2016-11-17,^MXX,44901.671875,45315.109375,44843.55859375,44919.69140625,251604800,44919.69140625
2016-11-18,^MXX,44921.0390625,44940.890625,43998.98046875,44364.171875,290536200,44364.171875
2016-11-22,^MXX,44367.05078125,44966.62109375,44367.05078125,44838.76171875,220572200,44838.76171875
2016-11-23,^MXX,44874.48828125,45197.3203125,44555.80078125,45184.078125,238095600,45184.078125
2016-11-24,^MXX,45250.3984375,45421.75,45201.5703125,45265.8984375,43678400,45265.8984375
2016-11-25,^MXX,45268.390625,45509.94140625,45107.328125,45357.8515625,118200300,45357.8515625
2016-11-28,^MXX,45360.0703125,45514.12890625,45127.7109375,45470.609375,176602800,45470.609375
2016-11-29,^MXX,45480.96875,45504.7109375,45268.87890625,45372.19140625,209025300,45372.19140625
2016-11-30,^MXX,45373.53125,45654.53125,45027.0703125,45315.9609375,617292700,45315.9609375
2016-12-01,^MXX,45314.0390625,45567.44140625,44865.98046875,44884.859375,238173300,44884.859375
2016-12-02,^MXX,44885.75,45018.28125,44471.83984375,44555.26171875,208623900,44555.26171875
2016-12-05,^MXX,44555.26171875,45085.28125,44555.26171875,44937.30078125,245242600,44937.30078125
2016-12-06,^MXX,44938.1015625,45153.05859375,44850.87109375,45103.21875,253429500,45103.21875
2016-12-07,^MXX,45116.3515625,45644.4296875,45111.859375,45609.8984375,210228800,45609.8984375
2016-12-08,^MXX,45611.05078125,46365.671875,45532.41015625,46360.23046875,219310900,46360.23046875
2016-12-09,^MXX,46359.12109375,46955.51171875,46166.7890625,46913.46875,242023400,46913.46875
2016-12-13,^MXX,46916.19140625,47241.12890625,46370.03125,46870.23828125,256757500,46870.23828125
2016-12-14,^MXX,46870.640625,46901.53125,45962.66015625,46220.5390625,246953200,46220.5390625
2016-12-15,^MXX,46220.23828125,46235.1796875,45863.96875,45871.9609375,200804200,45871.9609375
2016-12-16,^MXX,45871.76953125,45937.109375,45099.73046875,45121.390625,377753600,45121.390625
2016-12-19,^MXX,45121.19140625,45265.78125,44875.6796875,44895.2890625,134561800,44895.2890625
2016-12-20,^MXX,44894.69140625,45266.421875,44761.96875,44930.26953125,194329900,44930.26953125
2016-12-21,^MXX,44936.7890625,45110.80859375,44817.30078125,44983.03125,138917900,44983.03125
2016-12-22,^MXX,44982.4296875,45041.421875,44568.26953125,45008.078125,130553400,45008.078125
2016-12-23,^MXX,45016.6484375,45263.23046875,44922.28125,45173.5390625,62035500,45173.5390625
2016-12-26,^MXX,45219.3515625,45219.3515625,44862.44921875,44989.578125,11005500,44989.578125
2016-12-27,^MXX,44989.578125,45329.26171875,44938.73828125,45299.671875,88289700,45299.671875
2016-12-28,^MXX,45301.19921875,45619.83984375,45257.71875,45563.1796875,85768300,45563.1796875
2016-12-29,^MXX,45564.51953125,46025.6484375,45549.390625,45909.30859375,95022800,45909.30859375
2016-12-30,^MXX,45910.44140625,45986.2890625,45374.41015625,45642.8984375,81280000,45642.8984375
2017-01-02,^MXX,45642.80078125,45792.4609375,45593.26171875,45695.1015625,6765800,45695.1015625
2017-01-03,^MXX,45698.9296875,46444.71875,45690.4609375,46123.359375,164938800,46123.359375
2017-01-04,^MXX,46123.359375,46587.73828125,46068.828125,46587.73828125,215385900,46587.73828125
2017-01-05,^MXX,46586.03125,46767.37109375,46285.87890625,46719.98828125,237288300,46719.98828125
2017-01-06,^MXX,46721.69921875,46731.8984375,46027.1015625,46071.5703125,201371200,46071.5703125
2017-01-09,^MXX,46072.37890625,46153.03125,45314.578125,45553.51171875,166659200,45553.51171875
2017-01-10,^MXX,45585.48828125,45924.51171875,45531.0390625,45886.26953125,214548500,45886.26953125
2017-01-11,^MXX,45886.1796875,46085.78125,45550.1015625,45933.6484375,171732400,45933.6484375
2017-01-12,^MXX,45935.55078125,46265.1484375,45805.5,46060.98046875,169284400,46060.98046875
2017-01-13,^MXX,46070.69140625,46438.80078125,46039.78125,46182.4296875,191700300,46182.4296875
2017-01-16,^MXX,46184.12890625,46229.62890625,45714.58984375,45740.37890625,31053900,45740.37890625
2017-01-17,^MXX,45721,46159.01171875,45720.671875,46002.55859375,232426300,46002.55859375
2017-01-18,^MXX,46006.6015625,46390.21875,46006.6015625,46360.62890625,225709700,46360.62890625
2017-01-19,^MXX,46360.828125,46423.58984375,46059.30859375,46265.26171875,156992500,46265.26171875
2017-01-20,^MXX,46262.5390625,46396.21875,46021.578125,46331.6015625,183672000,46331.6015625
2017-01-23,^MXX,46325.0703125,47141,46170.87109375,47116.23828125,152887800,47116.23828125
2017-01-24,^MXX,47121.1796875,48220.0390625,47118.1484375,48149.609375,312544300,48149.609375
2017-01-25,^MXX,48152.62890625,48632.51171875,47870.87109375,48275.828125,216645400,48275.828125
2017-01-26,^MXX,48280.46875,48284.30859375,47372.48046875,47611.44140625,188538300,47611.44140625
2017-01-27,^MXX,47632.578125,47695.48046875,47192.03125,47421.12109375,144332700,47421.12109375
2017-01-30,^MXX,47611.44140625,47611.44140625,46761.5,47091.8203125,157388900,47091.8203125
2017-01-31,^MXX,47131.23046875,47243.0703125,46928.48046875,47001.05859375,215251100,47001.05859375
2017-02-01,^MXX,47001.96875,47225.23046875,46780.03125,47009.51171875,170788000,47009.51171875
2017-02-02,^MXX,47019.8515625,47111.78125,46909.30859375,47095.0703125,205641600,47095.0703125
2017-02-03,^MXX,47097.51171875,47228.6484375,46801.76953125,47225.1015625,249033100,47225.1015625
2017-02-07,^MXX,47228.0390625,47258.2890625,46614.37890625,46728.94921875,301439900,46728.94921875
2017-02-08,^MXX,46767.21875,46985.23046875,46639.2109375,46921.7109375,209949100,46921.7109375
2017-02-09,^MXX,46907.01171875,47461.6015625,46850.08984375,47232.171875,221049300,47232.171875
2017-02-10,^MXX,47222.94140625,48115.98046875,47123.03125,47797.0390625,185209300,47797.0390625
2017-02-13,^MXX,47798.37890625,47904.73046875,47391.48046875,47661.69140625,174042300,47661.69140625
2017-02-14,^MXX,47650.23828125,47687.12890625,47279.4296875,47391.23828125,176260000,47391.23828125
2017-02-15,^MXX,47392.44140625,47467.140625,47059.6796875,47161.73828125,191221800,47161.73828125
2017-02-16,^MXX,47165.6796875,47444.26953125,47121.1796875,47293.8515625,181649900,47293.8515625
2017-02-17,^MXX,47303.05078125,47386.171875,47005.421875,47164.7109375,134640300,47164.7109375
2017-02-20,^MXX,47159.16015625,47612.2890625,47046.3984375,47083.80859375,32289600,47083.80859375
2017-02-21,^MXX,47089.12109375,47638.51953125,47089.12109375,47614.98828125,207680600,47614.98828125
2017-02-22,^MXX,47614.69140625,47654.640625,47194.578125,47195.6796875,171101300,47195.6796875
2017-02-23,^MXX,47197.19140625,47482.609375,46842.4609375,47206.359375,231075800,47206.359375
2017-02-24,^MXX,47215.55859375,47215.55859375,46587.9296875,47047.671875,183014900,47047.671875
2017-02-27,^MXX,47040.94921875,47464.25,46859.5703125,47349.19921875,181160700,47349.19921875
2017-02-28,^MXX,47352.44921875,47378.08984375,46692.46875,46856.7890625,252313600,46856.7890625
2017-03-01,^MXX,46853.671875,47564.3515625,46853.671875,47467.94921875,103945000,47467.94921875
2017-03-02,^MXX,47458.69140625,47513.8984375,46960.25,47288.66015625,179056300,47288.66015625
2017-03-03,^MXX,47292.30078125,47574.46875,47001.98828125,47414.5703125,117699900,47414.5703125
2017-03-06,^MXX,47407.2890625,47891.328125,46995.609375,47883.58984375,144357200,47883.58984375
2017-03-07,^MXX,47883.98828125,47886.23828125,47406.2890625,47419.16015625,170254200,47419.16015625
2017-03-08,^MXX,47410.19140625,47688.76953125,47298.71875,47539.21875,132044700,47539.21875
2017-03-09,^MXX,47538.8203125,47563.37109375,47072.5703125,47263.921875,158224100,47263.921875
2017-03-10,^MXX,47262.91015625,47481.69140625,47026.37109375,47102.30859375,135301800,47102.30859375
2017-03-13,^MXX,47093.30859375,47288.75,46965.87890625,47101.140625,131668800,47101.140625
2017-03-14,^MXX,47095.78125,47181.23046875,46597.578125,47087.96875,197609500,47087.96875
2017-03-15,^MXX,47087.76953125,47583.6015625,46905.53125,47470.30859375,177679600,47470.30859375
2017-03-16,^MXX,47496,48333.609375,47333.7890625,48056.55859375,234060900,48056.55859375
2017-03-17,^MXX,48066.8203125,48626.12109375,47924.890625,48593.44140625,462274100,48593.44140625
2017-03-21,^MXX,48593.640625,49240.08984375,48422.83984375,48589.05078125,249738100,48589.05078125
2017-03-22,^MXX,48592.26171875,48612.609375,48201.80859375,48487.30078125,185331900,48487.30078125
2017-03-23,^MXX,48481.1484375,48898.3203125,48437,48676.91015625,173728800,48676.91015625
2017-03-24,^MXX,48675.19140625,49105.30859375,48595.078125,49083.8515625,179849100,49083.8515625
2017-03-27,^MXX,49082.890625,49312.98828125,48743.80859375,49312.98828125,175804400,49312.98828125
2017-03-28,^MXX,49310.76953125,49523.94140625,49194.71875,49339.23828125,162489000,49339.23828125
2017-03-29,^MXX,49335.80859375,49335.80859375,48941.48046875,49036.51953125,183677000,49036.51953125
2017-03-30,^MXX,49032.08984375,49068.48046875,48719.62890625,48863.30078125,141769700,48863.30078125
2017-03-31,^MXX,48863.12890625,48925.44140625,48541.55859375,48541.55859375,242628600,48541.55859375
2017-04-03,^MXX,48549.23046875,49008.80859375,48461.26953125,48819.0703125,109546900,48819.0703125
2017-04-04,^MXX,48799.08984375,49342.80078125,48791.4296875,49342.76953125,188628300,49342.76953125
2017-04-05,^MXX,49339.23828125,49560.8984375,49118.2109375,49207.609375,214897000,49207.609375
2017-04-06,^MXX,49207.76953125,49313.73046875,48838.8515625,49012.421875,132479200,49012.421875
2017-04-07,^MXX,49012.21875,49393.25,48887.078125,49343.640625,116844000,49343.640625
2017-04-10,^MXX,49339.6484375,49590.8515625,49163.30859375,49540.26171875,81926600,49540.26171875
2017-04-11,^MXX,49540.76171875,49753.5703125,49102.80078125,49637.9296875,112015500,49637.9296875
2017-04-12,^MXX,49607.2890625,49661.078125,48871.890625,48955.8203125,126062800,48955.8203125
2017-04-17,^MXX,48969.0390625,49222.9609375,48844.01171875,49011.55859375,112262300,49011.55859375
2017-04-18,^MXX,49010.21875,49012.58984375,48335.98046875,48762.53125,121096300,48762.53125
2017-04-19,^MXX,48765.55078125,48975.44140625,48727.6796875,48873.83984375,163694400,48873.83984375
2017-04-20,^MXX,48882.26953125,49145.91015625,48741.05078125,49144.9609375,166674700,49144.9609375
2017-04-21,^MXX,49131.73828125,49131.73828125,48727.73828125,48967.828125,106781600,48967.828125
2017-04-24,^MXX,48969.69140625,49504.58984375,48969.69140625,49413.26171875,123272600,49413.26171875
2017-04-25,^MXX,49411.33984375,49821.46875,49411.33984375,49808.05078125,226004300,49808.05078125
2017-04-26,^MXX,49807.8515625,50147.0390625,49130.5,49565.16015625,246934400,49565.16015625
2017-04-27,^MXX,49552.3203125,49649.46875,49184.12109375,49440.9609375,235220900,49440.9609375
2017-04-28,^MXX,49444.98046875,49478.26171875,49151.8984375,49261.328125,136204200,49261.328125
2017-05-02,^MXX,49260.12109375,49646.609375,49220.76953125,49588.83984375,182421900,49588.83984375
2017-05-03,^MXX,49540.30078125,49757.9609375,49070.30859375,49099.98046875,146088900,49099.98046875
2017-05-04,^MXX,49098.05859375,49312.0703125,48867.37109375,48998.109375,157693300,48998.109375
2017-05-05,^MXX,48994.6796875,49485.73828125,48963.87890625,49485.671875,150140300,49485.671875
2017-05-08,^MXX,49491.421875,49582.48828125,49346.08984375,49505.859375,108643700,49505.859375
2017-05-09,^MXX,49503.0390625,50026.55859375,49503.0390625,49939.46875,163963400,49939.46875
2017-05-10,^MXX,49941.48828125,50154.328125,49850.1015625,49930.5390625,177816000,49930.5390625
2017-05-11,^MXX,49930.73046875,49937.0703125,49458.05859375,49530.53125,183473200,49530.53125
2017-05-12,^MXX,49531.87109375,49566.94921875,49228.5390625,49426.078125,156644800,49426.078125
2017-05-15,^MXX,49433.94921875,49733.5,49338.73046875,49678.9609375,161443500,49678.9609375
2017-05-16,^MXX,49680.1015625,49817.30859375,49404.62890625,49459.62109375,224573600,49459.62109375
2017-05-17,^MXX,49457.8984375,49460.96875,48731.5390625,48747.94921875,210945200,48747.94921875
2017-05-18,^MXX,48759.26171875,48759.26171875,48146,48322.23828125,182504900,48322.23828125
2017-05-19,^MXX,48322.23828125,49172.6484375,48274.62109375,49067.46875,201004300,49067.46875
2017-05-22,^MXX,49056.73046875,49415.890625,48793.23828125,48943.4609375,160767200,48943.4609375
2017-05-23,^MXX,48945.98046875,49119.8984375,48771.76953125,49042.51953125,141986200,49042.51953125
2017-05-24,^MXX,49045.140625,49581.98828125,49045.140625,49494.3984375,153607000,49494.3984375
2017-05-25,^MXX,49502.26171875,49696.98828125,49319.91015625,49410.921875,132232600,49410.921875
2017-05-26,^MXX,49411.73046875,49741.80859375,49195.26953125,49688.26953125,136585500,49688.26953125
2017-05-29,^MXX,49676.03125,49701.28125,49332.55078125,49450.48046875,29819000,49450.48046875
2017-05-30,^MXX,49452.19921875,49634.109375,49089.08984375,49277.94921875,100187200,49277.94921875
2017-05-31,^MXX,49275.62890625,49423.41015625,48749.9609375,48788.44140625,326841000,48788.44140625
2017-06-01,^MXX,48795.890625,49224.4609375,48774.91015625,49101.640625,153846600,49101.640625
2017-06-02,^MXX,49100.8203125,49323.71875,48979.58984375,49317.37890625,124812800,49317.37890625
2017-06-05,^MXX,49244.26953125,49627.76171875,49120.671875,49592.48828125,127704500,49592.48828125
2017-06-06,^MXX,49566.328125,49566.328125,49177.5390625,49218.62109375,136711500,49218.62109375
2017-06-07,^MXX,49194.21875,49352.78125,49030.23828125,49274.96875,164520000,49274.96875
2017-06-08,^MXX,49302.66015625,49327.41015625,49018.9609375,49087.4609375,144318700,49087.4609375
2017-06-09,^MXX,49046.859375,49277.3203125,48993.26171875,49081.73046875,151815100,49081.73046875
2017-06-12,^MXX,49073.66015625,49241.30078125,48952.75,49128.76171875,133197100,49128.76171875
2017-06-13,^MXX,49183.46875,49203.359375,48978.171875,49026.828125,131764600,49026.828125
2017-06-14,^MXX,49121.19921875,49378.69140625,49022.5390625,49291.03125,164855600,49291.03125
2017-06-15,^MXX,49233.2109375,49233.8515625,48861.25,49139.69921875,133082700,49139.69921875
2017-06-16,^MXX,49134.1015625,49348.76953125,48870.1015625,49221.03125,593987200,49221.03125
2017-06-19,^MXX,49231.609375,49473.671875,48935.1484375,49169.5703125,191879900,49169.5703125
2017-06-20,^MXX,49209.62109375,49226.76171875,48937.66015625,49033.05078125,143138700,49033.05078125
2017-06-21,^MXX,48958.7109375,49203.640625,48895.359375,48983.44921875,166623100,48983.44921875
2017-06-22,^MXX,48933.078125,49053,48827.55859375,49017.4296875,103695200,49017.4296875
2017-06-23,^MXX,48938.37890625,49139.05859375,48873.8515625,48980.78125,143601700,48980.78125
2017-06-26,^MXX,48806.0390625,49267.6796875,48770.98046875,49165.671875,131662800,49165.671875
2017-06-27,^MXX,49179.01171875,49207.87109375,48944.08984375,49087.73828125,145364500,49087.73828125
2017-06-28,^MXX,49129.55859375,49391.37890625,49067.78125,49340.109375,137700100,49340.109375
2017-06-29,^MXX,49380.5,49428.55078125,49001.78125,49198.12109375,120393200,49198.12109375
2017-06-30,^MXX,49255.078125,49901.51171875,49204.76171875,49857.48828125,155618300,49857.48828125
2017-07-03,^MXX,49831.53125,50312.01953125,49790.53125,50109.16015625,0,50109.16015625
2017-07-04,^MXX,49999.0703125,50236.44140625,49925.30859375,50041.578125,34976100,50041.578125
2017-07-05,^MXX,50065.51953125,50339.62890625,50022.1484375,50300.80859375,145164100,50300.80859375
2017-07-06,^MXX,50268.94921875,50274.91015625,49884.1796875,50015.671875,172669200,50015.671875
2017-07-07,^MXX,50042.53125,50141.1796875,49696.96875,50059.01953125,146952700,50059.01953125
2017-07-10,^MXX,50058.69921875,50661.75,49975.73046875,50616.80859375,240466000,50616.80859375
2017-07-11,^MXX,50545.51171875,50869.1015625,50344.78125,50510.23046875,235508600,50510.23046875
2017-07-12,^MXX,50847.94921875,51103.8515625,50440.69921875,50809.76953125,305419100,50809.76953125
2017-07-13,^MXX,50820.8515625,51014.140625,50704.19921875,50968.76171875,251189500,50968.76171875
2017-07-14,^MXX,50966.87109375,51298.1015625,50824.12890625,51162.23046875,152130500,51162.23046875
2017-07-17,^MXX,51141.62890625,51364.19140625,50950.62109375,51332.2890625,133054500,51332.2890625
2017-07-18,^MXX,51228.359375,51230.69921875,50990.671875,51099.7109375,151362300,51099.7109375
2017-07-19,^MXX,51172.91015625,51363.98828125,50890.25,51086.9296875,167862000,51086.9296875
2017-07-20,^MXX,51163.2109375,51264.51171875,51082.6796875,51144.140625,100472900,51144.140625
2017-07-21,^MXX,51180.0390625,51641.37890625,51165.609375,51564.62109375,149084000,51564.62109375
2017-07-24,^MXX,51526.390625,51743.62109375,51205.5390625,51665.6484375,125005500,51665.6484375
2017-07-25,^MXX,51590.48046875,51772.37109375,51524.23046875,51713.37890625,143946000,51713.37890625
2017-07-26,^MXX,51537.30078125,51765.94140625,51476.44921875,51600.26171875,192256600,51600.26171875
2017-07-27,^MXX,51545.921875,51660.78125,51172.83984375,51257.359375,153929200,51257.359375
2017-07-28,^MXX,51228.421875,51320.51171875,50895.5390625,51213.6015625,165951000,51213.6015625
2017-07-31,^MXX,51219.578125,51335.98828125,50926.12890625,51011.87109375,213736100,51011.87109375
2017-08-01,^MXX,51282.19140625,51432.76953125,51141.26953125,51195.01171875,629598700,51195.01171875
2017-08-02,^MXX,51153.859375,51484.76953125,51105.46875,51200.12890625,179747000,51200.12890625
2017-08-03,^MXX,51198.140625,51343.28125,51088.96875,51293.0703125,175285500,51293.0703125
2017-08-04,^MXX,51240.671875,51415.609375,51181.7109375,51328.2890625,155322100,51328.2890625
2017-08-07,^MXX,51300.21875,51572.55078125,51300.21875,51389.26953125,133153500,51389.26953125
2017-08-08,^MXX,51331.7890625,51722.05859375,51305.76953125,51328.76171875,146993500,51328.76171875
2017-08-09,^MXX,51263.01171875,51395.0390625,51081.05859375,51237.5,125019700,51237.5
2017-08-10,^MXX,51235.26953125,51248.01171875,50618.23046875,50906.83984375,179396000,50906.83984375
2017-08-11,^MXX,50895.921875,50912.76171875,50605.87890625,50645.1015625,199106900,50645.1015625
2017-08-14,^MXX,50680.4296875,51231.328125,50680.4296875,51167.46875,139978700,51167.46875
2017-08-15,^MXX,51225.5390625,51362.078125,51151.87109375,51339.2890625,134147000,51339.2890625
2017-08-16,^MXX,51331.8984375,51431.91015625,50983.44140625,51156.671875,198658100,51156.671875
2017-08-17,^MXX,51176.66015625,51203.359375,50889.5,50994.1796875,136171100,50994.1796875
2017-08-18,^MXX,50930.5,51254.2890625,50836.421875,51075.4609375,135822600,51075.4609375
2017-08-21,^MXX,51131.55078125,51277.6796875,50985.51171875,51241.109375,109529300,51241.109375
2017-08-22,^MXX,51194.23828125,51448.640625,51194.23828125,51332.98046875,152329200,51332.98046875
2017-08-23,^MXX,51276.140625,51332.44140625,51160.921875,51280.171875,138524100,51280.171875
2017-08-24,^MXX,51205.23828125,51558.55859375,51205.23828125,51470.05859375,180319600,51470.05859375
2017-08-25,^MXX,51521.1796875,51620.83984375,51331.44140625,51373.23046875,128086300,51373.23046875
2017-08-28,^MXX,51429.62109375,51588.71875,51025.19921875,51266.71875,122653200,51266.71875
2017-08-29,^MXX,51200.62109375,51345.8984375,51054.5703125,51313.66015625,141063100,51313.66015625
2017-08-30,^MXX,51312.8984375,51350.078125,51003.9296875,51193.51953125,199725700,51193.51953125
2017-08-31,^MXX,51155.58984375,51232.48828125,51034.26953125,51210.48046875,224059000,51210.48046875
2017-09-01,^MXX,51271.3203125,51370.8203125,51001.30078125,51080.8515625,118139900,51080.8515625
2017-09-04,^MXX,51015.91015625,51041.890625,50771.578125,50825.76953125,16093200,50825.76953125
2017-09-05,^MXX,50947.671875,50969.73828125,50257.73828125,50301.390625,149343800,50301.390625
2017-09-06,^MXX,50341.859375,50664.66015625,50232.91015625,50515.6015625,177044400,50515.6015625
2017-09-07,^MXX,50533.5390625,50700.96875,50094.94921875,50249.12109375,149093400,50249.12109375
2017-09-08,^MXX,50192.73046875,50308.5390625,49865.7890625,50083.80078125,133848000,50083.80078125
2017-09-11,^MXX,50135.921875,50443.46875,50133.5390625,50359.3203125,127838400,50359.3203125
2017-09-12,^MXX,50385.80078125,50699.5,50385.5,50480.9609375,140528800,50480.9609375
2017-09-13,^MXX,50519.9296875,50542.44921875,50121.640625,50164.87890625,194843900,50164.87890625
2017-09-14,^MXX,50094.8984375,50225.12109375,50017.37109375,50107.859375,150641300,50107.859375
2017-09-15,^MXX,50058.62109375,50134.44140625,49779.08984375,49921.83984375,499430300,49921.83984375
2017-09-18,^MXX,49953.140625,50326.55859375,49953.140625,50258.421875,144074900,50258.421875
2017-09-19,^MXX,50327.3203125,50364.828125,50117.7109375,50265.4609375,99938300,50265.4609375
2017-09-20,^MXX,50312.7890625,50430.37890625,50173.51953125,50363.94921875,116644300,50363.94921875
2017-09-21,^MXX,50385.33984375,50636.328125,50156.76171875,50545.75,134819900,50545.75
2017-09-22,^MXX,50487.9296875,50541.5,50282.19140625,50313.51171875,93499900,50313.51171875
2017-09-25,^MXX,50302.12890625,50436.0703125,50161.2890625,50368.171875,120287900,50368.171875
2017-09-26,^MXX,50462.578125,50472.37890625,50261.26953125,50359.46875,155382100,50359.46875
2017-09-27,^MXX,50336.3203125,50549.7890625,49778.80078125,50169.12890625,167806500,50169.12890625
2017-09-28,^MXX,50063.828125,50228.12890625,49920.2109375,50137,155395900,50137
2017-09-29,^MXX,50064.8203125,50605.6015625,50064.8203125,50346.05859375,149603900,50346.05859375
2017-10-02,^MXX,50499.171875,50629.16015625,50350.87109375,50501.16015625,123720100,50501.16015625
2017-10-03,^MXX,50593.5390625,50741.48828125,50453.76171875,50615.2890625,123088100,50615.2890625
2017-10-04,^MXX,50653.53125,50750.30078125,50511.0390625,50565.2890625,114875900,50565.2890625
2017-10-05,^MXX,50631.359375,50909.48046875,50425.08984375,50480.921875,144114000,50480.921875
2017-10-06,^MXX,50513.171875,50616.6484375,50257.55078125,50302.9609375,129524300,50302.9609375
2017-10-09,^MXX,50584.26953125,50584.26953125,49980.51171875,50071.94140625,132773400,50071.94140625
2017-10-10,^MXX,50141.12109375,50230.44140625,49888.3984375,49982.94140625,175413500,49982.94140625
2017-10-11,^MXX,50011.5,50257.6484375,49904.87890625,50139.6796875,207912300,50139.6796875
2017-10-12,^MXX,50148.62109375,50306.078125,49858.26171875,49962.7890625,216997100,49962.7890625
2017-10-13,^MXX,50040.3984375,50224.98046875,49914.9609375,49981.94140625,212377900,49981.94140625
2017-10-16,^MXX,50029.8203125,50230.0390625,49673.21875,49721.01171875,198365500,49721.01171875
2017-10-17,^MXX,49760.7890625,50208.421875,49544.890625,50140.51953125,301873400,50140.51953125
2017-10-18,^MXX,50112.5,50135.8203125,49887.1796875,49938.98046875,194501600,49938.98046875
2017-10-19,^MXX,49914.1484375,50057.01171875,49760.76171875,50000.25,157806100,50000.25
2017-10-20,^MXX,50207.87109375,50582.62109375,49896.62890625,49988.7109375,233690000,49988.7109375
2017-10-23,^MXX,50033.55078125,50109.7109375,49509.55859375,49548.12890625,144763200,49548.12890625
2017-10-24,^MXX,49612.8515625,50194.73828125,49612.8515625,50157.21875,186209300,50157.21875
2017-10-25,^MXX,50166.46875,50166.46875,48804.03125,48876.4609375,278608900,48876.4609375
2017-10-26,^MXX,49004.30078125,49388.76171875,48954.30078125,48986.83984375,229442800,48986.83984375
2017-10-27,^MXX,49011.640625,49327.3203125,48829.73828125,49209.578125,208165100,49209.578125
2017-10-30,^MXX,49250.7890625,49252.55078125,48779.0390625,48855.26953125,119903600,48855.26953125
2017-10-31,^MXX,48929.26171875,48958.83984375,48579.6796875,48625.53125,164308100,48625.53125
2017-11-01,^MXX,48700.16015625,48829.828125,48261.078125,48334.44921875,193082500,48334.44921875
2017-11-03,^MXX,48334.87109375,48584.21875,47824.96875,48534.83984375,222776400,48534.83984375
2017-11-06,^MXX,48623.41015625,49061.4296875,48281.12109375,48967.01171875,218478100,48967.01171875
2017-11-07,^MXX,48946.12890625,49276.46875,48879.48828125,49004.51953125,202635000,49004.51953125
2017-11-08,^MXX,49001.94140625,49058.83984375,48806.55859375,48835.69140625,119182000,48835.69140625
2017-11-09,^MXX,48731.87890625,48927.44921875,48633.76953125,48713.51171875,178080300,48713.51171875
2017-11-10,^MXX,48659.328125,48717.359375,47972.7890625,48028.30078125,201937200,48028.30078125
2017-11-13,^MXX,48013.1015625,48103.078125,47662.37890625,48002.4296875,236423700,48002.4296875
2017-11-14,^MXX,47999.609375,48044.6015625,47659.140625,47873.6484375,157546600,47873.6484375
2017-11-15,^MXX,47853.828125,47958.12109375,47471.12890625,47690.80078125,167190500,47690.80078125
2017-11-16,^MXX,47736.58984375,48025.859375,47711.51953125,47747.69140625,140725300,47747.69140625
2017-11-17,^MXX,47780.359375,48107.71875,47597.76953125,47857.140625,145768900,47857.140625
2017-11-21,^MXX,47831.62109375,48258.828125,47750.73046875,48185.7109375,189565500,48185.7109375
2017-11-22,^MXX,48263.12890625,48453.19140625,47933.19140625,48196.890625,174291000,48196.890625
2017-11-23,^MXX,48208.921875,48246.94140625,48036.390625,48136.23828125,23136100,48136.23828125
2017-11-24,^MXX,48199.8203125,48210.9609375,47662.33984375,47941.87890625,63562100,47941.87890625
2017-11-27,^MXX,47874.69921875,47887.12109375,47221.46875,47275.3203125,166142700,47275.3203125
2017-11-28,^MXX,47312.30859375,47494.19921875,47108.76953125,47229.16015625,191636500,47229.16015625
2017-11-29,^MXX,47298.30859375,47681.890625,46960.890625,47622.9296875,208686500,47622.9296875
2017-11-30,^MXX,47618.328125,47639.87890625,47003.0703125,47092.44140625,361497100,47092.44140625
2017-12-01,^MXX,47098.359375,47401.51171875,46936.6015625,47265.30859375,181459100,47265.30859375
2017-12-04,^MXX,47289.46875,47514.91015625,46993.75,47161.3203125,144122800,47161.3203125
2017-12-05,^MXX,47228.1015625,47525.640625,47014.109375,47462.7890625,128582500,47462.7890625
2017-12-06,^MXX,47465.41015625,47465.41015625,46933.2890625,46973.30078125,190466400,46973.30078125
2017-12-07,^MXX,47016.28125,47276.87109375,46949.80078125,46987.01171875,194477400,46987.01171875
2017-12-08,^MXX,47012.03125,47632.9609375,47012.03125,47572.859375,174013700,47572.859375
2017-12-11,^MXX,47407.73046875,47843.55078125,47407.73046875,47699.0390625,136680600,47699.0390625
2017-12-13,^MXX,47831.578125,48316.96875,47826.1484375,48276.71875,324446200,48276.71875
2017-12-14,^MXX,48297.30078125,48537.01953125,48091.3984375,48222.37890625,291390000,48222.37890625
2017-12-15,^MXX,48244.5,48360.421875,47930.80859375,48081.55078125,465940300,48081.55078125
2017-12-18,^MXX,48082.8203125,48733.578125,48071.01953125,48634.5390625,251441800,48634.5390625
2017-12-19,^MXX,48636.51953125,48792.23828125,48368.8984375,48403.03125,227430800,48403.03125
2017-12-20,^MXX,48449.23828125,48536.73046875,48191.28125,48390.390625,181091900,48390.390625
2017-12-21,^MXX,48418.08984375,48767.23828125,48402.3203125,48503.30859375,128519800,48503.30859375
2017-12-22,^MXX,48429.96875,48590.5703125,48232.83984375,48387.9296875,100387900,48387.9296875
2017-12-26,^MXX,48473.30859375,48801.28125,48198.171875,48451.328125,67864400,48451.328125
2017-12-27,^MXX,48470.87109375,48810.87109375,48425.7109375,48652.55859375,66501800,48652.55859375
2017-12-28,^MXX,48659.4296875,48999.5,48640.109375,48861.94140625,65258400,48861.94140625
2017-12-29,^MXX,48880.390625,49388.98046875,48874.16015625,49354.421875,85909000,49354.421875
2018-01-02,^MXX,49376.26171875,50083.01953125,49328.6015625,50033.94921875,103387800,50033.94921875
2018-01-03,^MXX,50093.30859375,50093.30859375,49735.91015625,49782.23046875,140912700,49782.23046875
2018-01-04,^MXX,49800.359375,50128.46875,49704.25,49744.62109375,177259000,49744.62109375
2018-01-05,^MXX,49929.51953125,50079.03125,49712.5390625,49887.73828125,151467900,49887.73828125
2018-01-08,^MXX,49916.5703125,50233.62109375,49891.0703125,49995.5703125,145968200,49995.5703125
2018-01-09,^MXX,50002.03125,50162.75,49543.2109375,49701.37109375,203050800,49701.37109375
2018-01-10,^MXX,49666.23046875,49741.01953125,48722.26953125,48785.25,173520200,48785.25
2018-01-11,^MXX,48840.16015625,49026.05078125,48408.75,48799.390625,197594600,48799.390625
2018-01-12,^MXX,48764.91015625,49429.03125,48521.609375,49135.91015625,170141300,49135.91015625
2018-01-15,^MXX,49183.58984375,49455.30859375,49121.8515625,49387.28125,26871200,49387.28125
2018-01-16,^MXX,49292.37890625,49612.21875,49290.12109375,49491.71875,156009100,49491.71875
2018-01-17,^MXX,49499.23046875,49804.9609375,49450.8515625,49732.30078125,164355000,49732.30078125
2018-01-18,^MXX,49681.1796875,49958.328125,49620.16015625,49911.96875,128052800,49911.96875
2018-01-19,^MXX,49883.640625,49987.73046875,49660.01171875,49695.55859375,165177900,49695.55859375
2018-01-22,^MXX,49711.51171875,50034.5,49709.19921875,49974.48046875,155881700,49974.48046875
2018-01-23,^MXX,50030.55859375,50306.87890625,49884.91015625,50260.25,164040100,50260.25
2018-01-24,^MXX,50178.1796875,50879.609375,50145.41015625,50746.9296875,203081600,50746.9296875
2018-01-25,^MXX,50821.828125,51100.03125,50625.55859375,50777.8984375,211170500,50777.8984375
2018-01-26,^MXX,50772.37109375,51107.51171875,50340.12890625,51065.48828125,201663100,51065.48828125
2018-01-29,^MXX,51081.46875,51121.23046875,50520.28125,50636.3203125,153099700,50636.3203125
2018-01-30,^MXX,50461.5390625,50556.41015625,49928.62109375,50382.859375,131191800,50382.859375
2018-01-31,^MXX,50385.94921875,50566.66015625,50127.01171875,50456.171875,193869800,50456.171875
2018-02-01,^MXX,50425.83984375,50926.9609375,50420.76171875,50591.1484375,173045000,50591.1484375
2018-02-02,^MXX,50388,50513.30859375,49900.46875,50395.828125,137153500,50395.828125
2018-02-06,^MXX,49023.328125,49709.921875,48681.9609375,49304.94140625,241970300,49304.94140625
2018-02-07,^MXX,49247.640625,49504.98046875,48853.69140625,48976.44921875,185614500,48976.44921875
2018-02-08,^MXX,49054.75,49054.75,47726.12890625,47862.1015625,253048900,47862.1015625
2018-02-09,^MXX,47998.80078125,48139.8515625,46985.80859375,47799.08984375,181847500,47799.08984375
2018-02-12,^MXX,47950.62890625,48234.73828125,47504.6015625,47830.48828125,136157700,47830.48828125
2018-02-13,^MXX,47892.46875,47995.859375,47675.48046875,47926.73046875,132844000,47926.73046875
2018-02-14,^MXX,47871.58984375,48560.26171875,47758.9609375,48400.75,151998500,48400.75
2018-02-15,^MXX,48547.8515625,48984.21875,48378.01953125,48808.390625,190985100,48808.390625
2018-02-16,^MXX,48831.25,49378.25,48621.12109375,48882.78125,131791700,48882.78125
2018-02-19,^MXX,48886.96875,49198.140625,48820.53125,48928.48046875,16629600,48928.48046875
2018-02-20,^MXX,48913.12109375,48955.16015625,48492.19140625,48685.19140625,140908500,48685.19140625
2018-02-21,^MXX,48749.05078125,48930.69921875,48431.96875,48535.58984375,148051100,48535.58984375
2018-02-22,^MXX,48552.2890625,49086.62890625,48538.8984375,48969.640625,174797900,48969.640625
2018-02-23,^MXX,49176.30859375,49176.30859375,48488.1796875,48643.4296875,118771200,48643.4296875
2018-02-26,^MXX,48662.2890625,48713.98828125,48240.3203125,48463.44140625,142142400,48463.44140625
2018-02-27,^MXX,48481.8984375,48532.55078125,47886.359375,47970.19140625,162311300,47970.19140625
2018-02-28,^MXX,48055.390625,48062.12890625,47231.7890625,47437.9296875,268429100,47437.9296875
2018-03-01,^MXX,47470.671875,47800.55859375,47157.109375,47599.421875,180647800,47599.421875
2018-03-02,^MXX,47513.44140625,47683.48828125,47034.8203125,47548.1015625,135948400,47548.1015625
2018-03-05,^MXX,47628.80859375,47827.3984375,47217.98046875,47720.91015625,148487500,47720.91015625
2018-03-06,^MXX,47825.46875,48233.3515625,47617.75,47884.62890625,170956000,47884.62890625
2018-03-07,^MXX,47815.69921875,47831.921875,47529.76953125,47662.12109375,167836000,47662.12109375
2018-03-08,^MXX,47710.2109375,48285.76953125,47696.3203125,48240,161788800,48240
2018-03-09,^MXX,48242.62109375,48809.3203125,48208.75,48556.44921875,157745200,48556.44921875
2018-03-12,^MXX,48592.8515625,48983.9296875,48521.98046875,48671.2890625,155969600,48671.2890625
2018-03-13,^MXX,48652.98828125,48896.671875,48471.26171875,48557.01171875,181292600,48557.01171875
2018-03-14,^MXX,48572.48828125,48608.30078125,48096.80859375,48156.44140625,130466800,48156.44140625
2018-03-15,^MXX,48107.859375,48508.26171875,47778.921875,47817.05078125,144253200,47817.05078125
2018-03-16,^MXX,47833.390625,47920.37890625,47365.19921875,47477.578125,626242600,47477.578125
2018-03-20,^MXX,47342.37890625,47360.51171875,46987.30859375,47076.51171875,204182100,47076.51171875
2018-03-21,^MXX,47078.859375,47606.37890625,46896.78125,47521.83984375,243628900,47521.83984375
2018-03-22,^MXX,47457.9296875,47566.48828125,47152.4609375,47361.0390625,174611400,47361.0390625
2018-03-23,^MXX,47510.58984375,47638.5,46450.6796875,46515.9296875,219398300,46515.9296875
2018-03-26,^MXX,46621.05078125,46938.9296875,45895.1015625,46858.4609375,147884800,46858.4609375
2018-03-27,^MXX,46876.46875,47045.19140625,46727.21875,46793.578125,136838600,46793.578125
2018-03-28,^MXX,46860.83984375,46876.609375,46041.390625,46124.8515625,222370200,46124.8515625
2018-04-02,^MXX,46124.8515625,46589.62890625,45785.41015625,45826.640625,123635900,45826.640625
2018-04-03,^MXX,45940.640625,46753.390625,45868.0390625,46684.05859375,179119300,46684.05859375
2018-04-04,^MXX,46541.1015625,47521.73046875,46320.05078125,47457.4609375,204725400,47457.4609375
2018-04-05,^MXX,47438.26171875,48172.94140625,47418.44921875,47951.75,171675100,47951.75
2018-04-06,^MXX,47863.6015625,48091.19921875,47655.4296875,47926.109375,141523700,47926.109375
2018-04-09,^MXX,48008.8984375,48307.359375,48000.921875,48058.9609375,163936300,48058.9609375
2018-04-10,^MXX,48099.87890625,48490.7890625,48099.328125,48331.51171875,197041800,48331.51171875
2018-04-11,^MXX,48253.83984375,48571.41015625,48186.51953125,48532.140625,158662900,48532.140625
2018-04-12,^MXX,48550.01171875,48828.05078125,48335.53125,48782.55859375,153658600,48782.55859375
2018-04-13,^MXX,48817.171875,48828.8984375,48560.26171875,48768.30078125,135504800,48768.30078125
2018-04-16,^MXX,48750.48828125,48840.3515625,48378.3515625,48434.390625,135388400,48434.390625
2018-04-17,^MXX,48420.51171875,48965.94140625,48340.0390625,48933.609375,191182900,48933.609375
2018-04-18,^MXX,49032.921875,49187.55859375,48964.328125,49090.73828125,185636800,49090.73828125
2018-04-19,^MXX,48881.6796875,49193.05078125,48574.25,48745.28125,186815800,48745.28125
2018-04-20,^MXX,48815.328125,48958.390625,48209.5390625,48431.578125,145440100,48431.578125
2018-04-23,^MXX,48366.078125,48995.80078125,48350.3984375,48442.21875,154739600,48442.21875
2018-04-24,^MXX,48458.51953125,48597.30859375,47915.94140625,48046.80078125,138630000,48046.80078125
2018-04-25,^MXX,48028.859375,48252.921875,47884.640625,48058.2109375,148755800,48058.2109375
2018-04-26,^MXX,48012.6796875,48407.8203125,47907.55078125,48297.7109375,199167500,48297.7109375
2018-04-27,^MXX,48222.0390625,48466.01171875,48140.55859375,48284.609375,181149200,48284.609375
2018-04-30,^MXX,48275.640625,48504.44140625,48236.6484375,48358.16015625,158828400,48358.16015625
2018-05-02,^MXX,48318.03125,48496.08984375,47781.0390625,47809.98046875,224921700,47809.98046875
2018-05-03,^MXX,47833.23828125,47833.23828125,47030.859375,47094.12890625,227437900,47094.12890625
2018-05-04,^MXX,47090.76171875,47164.87109375,46741.71875,46992.171875,143106300,46992.171875
2018-05-07,^MXX,47013.55078125,47078.9296875,46424.26171875,46474.69921875,130076500,46474.69921875
2018-05-08,^MXX,46458,46747.8203125,46311.48828125,46719.51171875,151576700,46719.51171875
2018-05-09,^MXX,46747.828125,46815.26171875,46162.23046875,46294.4296875,149268500,46294.4296875
2018-05-10,^MXX,46280.05078125,46931.48828125,46280.05078125,46551.55078125,162391500,46551.55078125
2018-05-11,^MXX,46634.69921875,46876.9609375,46255.19140625,46728.921875,112927100,46728.921875
2018-05-14,^MXX,46724.69140625,46842.51953125,46488.71875,46519.2890625,147800800,46519.2890625
2018-05-15,^MXX,46463.859375,46537.51953125,45959.12109375,46258.9609375,209492200,46258.9609375
2018-05-16,^MXX,46267.01953125,46507.2109375,46197.3203125,46419.76953125,130694200,46419.76953125
2018-05-17,^MXX,46422.3515625,46433.140625,45746.8984375,45787.8984375,141663500,45787.8984375
2018-05-18,^MXX,45731.62890625,45810.87890625,45364.91015625,45666.76953125,261968200,45666.76953125
2018-05-21,^MXX,45707.30859375,45999.58984375,45289.41015625,45305.01953125,139278500,45305.01953125
2018-05-22,^MXX,45384.83984375,45640.2890625,45104.80859375,45600.87109375,145395600,45600.87109375
2018-05-23,^MXX,45530.26953125,45985.828125,45226.5703125,45776.69140625,137643600,45776.69140625
2018-05-24,^MXX,45743.1484375,45799.05078125,45363.98046875,45433.08984375,113011500,45433.08984375
2018-05-25,^MXX,45503.4609375,45775.078125,45055.921875,45091.98828125,154111900,45091.98828125
2018-05-28,^MXX,45071.1484375,45322.48828125,44795.359375,44851.05078125,33191800,44851.05078125
2018-05-29,^MXX,44866.19921875,45157.1484375,44582.94140625,44647.37109375,169415800,44647.37109375
2018-05-30,^MXX,44635.28125,44956.37890625,44436.140625,44715.87890625,195730500,44715.87890625
2018-05-31,^MXX,44666.91015625,44843.41015625,44429.359375,44662.55078125,696609200,44662.55078125
2018-06-01,^MXX,44692.7890625,45155.62109375,44531.80078125,45013.12109375,115933300,45013.12109375
2018-06-04,^MXX,45024.9609375,45344.16015625,45016.3203125,45243.98046875,136759300,45243.98046875
2018-06-05,^MXX,45206.78125,45555.51953125,45073.7109375,45130.69921875,174165900,45130.69921875
2018-06-06,^MXX,45192.48828125,45295.98046875,45115.5390625,45181.8203125,132366900,45181.8203125
2018-06-07,^MXX,45095.44921875,45508.44140625,44977.828125,45476.5703125,155293500,45476.5703125
2018-06-08,^MXX,45479.94921875,45990.1484375,45281.078125,45939.5390625,110956600,45939.5390625
2018-06-11,^MXX,45903.890625,46402.41015625,45888.23828125,46301.140625,159921600,46301.140625
2018-06-12,^MXX,46385.890625,46838.25,46274.19921875,46660.75,157456500,46660.75
2018-06-13,^MXX,46579.73046875,47170.578125,46579.73046875,46760.578125,185514000,46760.578125
2018-06-14,^MXX,46620.44921875,47282.8515625,46601.3515625,47197.23828125,195121600,47197.23828125
2018-06-15,^MXX,47139.26953125,47202.359375,46584.44921875,46938.8203125,611452000,46938.8203125
2018-06-18,^MXX,46917.48046875,46917.48046875,46267.75,46660.87109375,123654900,46660.87109375
2018-06-19,^MXX,46389.41015625,46601.4609375,46238.76953125,46488.37890625,149355700,46488.37890625
2018-06-20,^MXX,46518.2890625,46883.8515625,46515.87109375,46759.41015625,164021300,46759.41015625
2018-06-21,^MXX,46627.76171875,46753.19140625,46419.390625,46456.91015625,157877500,46456.91015625
2018-06-22,^MXX,46472.62890625,46777.66015625,46285.0390625,46737.640625,126571900,46737.640625
2018-06-25,^MXX,46832.58984375,47059.921875,46501.23828125,46747.8515625,143640500,46747.8515625
2018-06-26,^MXX,46818.8984375,46961.46875,46569.01171875,46908.94140625,145397600,46908.94140625
2018-06-27,^MXX,46874.3515625,47026.359375,46690.390625,46874.4296875,155250800,46874.4296875
2018-06-28,^MXX,46849.80078125,47250.55078125,46649.9296875,47031.26953125,164828300,47031.26953125
2018-06-29,^MXX,47025.69921875,47705.5703125,47021.7109375,47663.19921875,186005000,47663.19921875
2018-07-02,^MXX,47684.4296875,47695.640625,46566.2890625,46653.51953125,130376900,46653.51953125
2018-07-03,^MXX,46732.80859375,47248.73046875,46652.8203125,47053.890625,123660200,47053.890625
2018-07-04,^MXX,46904.83984375,47384.7109375,46877.328125,47318.51953125,27786300,47318.51953125
2018-07-05,^MXX,47319.7109375,48617.25,47008,48562.6484375,195996000,48562.6484375
2018-07-06,^MXX,48539.5703125,49277.7890625,48398.05859375,48981.41015625,186006200,48981.41015625
2018-07-09,^MXX,49036.5703125,49477.30859375,48848.96875,49235.80859375,110589400,49235.80859375
2018-07-10,^MXX,49277.01171875,49427.53125,48747.328125,48990.921875,199193400,48990.921875
2018-07-11,^MXX,48890.48828125,49058.25,48689.109375,49025.1484375,153113200,49025.1484375
2018-07-12,^MXX,49081.37890625,49081.37890625,48663.62890625,48696.30078125,167303600,48696.30078125
2018-07-13,^MXX,48692.859375,48700.76953125,48327.3203125,48406.01171875,157090100,48406.01171875
2018-07-16,^MXX,48187.578125,48555.26171875,48052.87890625,48454.2109375,104742500,48454.2109375
2018-07-17,^MXX,48459.23828125,48744.671875,48264.8515625,48704.62890625,136881700,48704.62890625
2018-07-18,^MXX,48710.8984375,49119.671875,48659.7890625,49002.76953125,119118000,49002.76953125
2018-07-19,^MXX,48893.12109375,49028.48828125,48607.5390625,48747.7890625,125988900,48747.7890625
2018-07-20,^MXX,48826.1015625,48945.98828125,48397.25,48908.23828125,133637800,48908.23828125
2018-07-23,^MXX,48909.48828125,49023.7109375,48691.25,48850.9296875,93642900,48850.9296875
2018-07-24,^MXX,48905.01171875,49576.87890625,48896.53125,49462.76953125,160356400,49462.76953125
2018-07-25,^MXX,49621.80859375,49993.69140625,49305.25,49603.6484375,152352300,49603.6484375
2018-07-26,^MXX,49637.30078125,50037.44140625,49322.87109375,49438.23828125,209954900,49438.23828125
2018-07-27,^MXX,49475.5703125,49825.37109375,49281.828125,49643.94140625,145631700,49643.94140625
2018-07-30,^MXX,49635.8515625,49954.859375,49542.91015625,49705.28125,141630900,49705.28125
2018-07-31,^MXX,49732.23828125,50080.80078125,49582.4609375,49698.01171875,162236700,49698.01171875
2018-08-01,^MXX,49742.05859375,49786.71875,49394.66015625,49449.44140625,118712500,49449.44140625
2018-08-02,^MXX,49364.140625,49364.140625,48880.2109375,49056.0390625,116198200,49056.0390625
2018-08-03,^MXX,49237.26953125,49439.7109375,49183.73828125,49302.5703125,139429600,49302.5703125
2018-08-06,^MXX,49373.6484375,49403.58984375,49072.4296875,49320.2109375,75684900,49320.2109375
2018-08-07,^MXX,49411.37890625,50071.98828125,49411.37890625,49963.87109375,167824600,49963.87109375
2018-08-08,^MXX,49979.44921875,49987.171875,49670.48828125,49894.55859375,107393100,49894.55859375
2018-08-09,^MXX,49931.51953125,49957,49218.8515625,49244.3984375,126922900,49244.3984375
2018-08-10,^MXX,49193.3515625,49240.19140625,48109.0390625,48383.58984375,178191700,48383.58984375
2018-08-13,^MXX,48383.73046875,48902.12890625,48365.05078125,48767.01953125,96122300,48767.01953125
2018-08-14,^MXX,48815.7109375,49267.671875,48789.859375,49096.12890625,131514600,49096.12890625
2018-08-15,^MXX,49033.171875,49054.23828125,48468.53125,48556.69140625,112472600,48556.69140625
2018-08-16,^MXX,48666.80078125,48681.69140625,47970.0703125,48059.05859375,142089600,48059.05859375
2018-08-17,^MXX,48065.21875,48308.98046875,47879.078125,48264.62890625,128370700,48264.62890625
2018-08-20,^MXX,48277.94140625,48875.3984375,48245.83984375,48785.48046875,77718200,48785.48046875
2018-08-21,^MXX,48791.83984375,49430.03125,48731.37890625,49344.05078125,138129900,49344.05078125
2018-08-22,^MXX,49282.859375,49910.87109375,49142.5390625,49880.33984375,146164100,49880.33984375
2018-08-23,^MXX,49895.30859375,50093.359375,49636.91015625,49749.55859375,101141300,49749.55859375
2018-08-24,^MXX,49719.87890625,50088.671875,49519.96875,49633.76953125,59196300,49633.76953125
2018-08-27,^MXX,49789.19140625,50485.51171875,49789.19140625,50416.26953125,114161400,50416.26953125
2018-08-28,^MXX,50518.28125,50603.390625,49810,50023.98046875,134515200,50023.98046875
2018-08-29,^MXX,50048.83984375,50238.08984375,49927.8984375,50187.48046875,119419000,50187.48046875
2018-08-30,^MXX,50178.5703125,50199.30078125,49280.91015625,49653.140625,112498700,49653.140625
2018-08-31,^MXX,49540.08984375,49900.1484375,49297.55859375,49547.6796875,161152700,49547.6796875
2018-09-03,^MXX,49574.12109375,49727.2109375,49421.05859375,49488.48046875,14746800,49488.48046875
2018-09-04,^MXX,49491.41015625,49541.30078125,48805.16015625,48884.171875,129616800,48884.171875
2018-09-05,^MXX,48757.87109375,48944.6484375,48478.30078125,48595.37109375,138797600,48595.37109375
2018-09-06,^MXX,48631.30078125,48904.7109375,48553.05859375,48711.8515625,113931800,48711.8515625
2018-09-07,^MXX,48602.26953125,48999.96875,48198.73828125,48971.140625,112060300,48971.140625
2018-09-10,^MXX,49027.3984375,49044.80859375,48571.69921875,48848.73828125,79593200,48848.73828125
2018-09-11,^MXX,48739.76171875,48918.30859375,48483.671875,48895.80078125,114311200,48895.80078125
2018-09-12,^MXX,48886.87890625,49347.359375,48687.80078125,49254.98046875,165457100,49254.98046875
2018-09-13,^MXX,49219.44921875,49761.890625,49133.37109375,49693.2109375,187567300,49693.2109375
2018-09-14,^MXX,49460.30859375,49841.5703125,49342.46875,49611.9296875,136086200,49611.9296875
2018-09-17,^MXX,49553.87890625,49810.05078125,49373.5390625,49398.5703125,75804000,49398.5703125
2018-09-18,^MXX,49412,49843.58984375,49395.51171875,49661.828125,104226700,49661.828125
2018-09-19,^MXX,49623.98046875,49887.7890625,49536.3203125,49590.7890625,129421200,49590.7890625
2018-09-20,^MXX,49590.98046875,49812.140625,49315.390625,49510.78125,94879400,49510.78125
2018-09-21,^MXX,49483.0390625,49732.3515625,49296.5703125,49344.2890625,543954900,49344.2890625
2018-09-24,^MXX,49304.87890625,49486.71875,49032.76953125,49417.21875,93047500,49417.21875
2018-09-25,^MXX,49447.98046875,49721.19921875,49447.98046875,49651.55078125,88477300,49651.55078125
2018-09-26,^MXX,49675.7109375,49944.2890625,49555.12890625,49606.0703125,97265900,49606.0703125
2018-09-27,^MXX,49641.671875,49964.96875,49492.69140625,49646.91015625,105511000,49646.91015625
2018-09-28,^MXX,49542.51171875,49644.23828125,49347.51953125,49504.16015625,133890700,49504.16015625
2018-10-01,^MXX,49547.8515625,50041.6015625,49547.8515625,49841.46875,92809700,49841.46875
2018-10-02,^MXX,49821.5703125,49924.62109375,49290.421875,49376.5,95809500,49376.5
2018-10-03,^MXX,49442.98828125,49487.5390625,48926.41015625,49005.3515625,172821200,49005.3515625
2018-10-04,^MXX,49001.3984375,49001.3984375,48461.21875,48683.26171875,139178200,48683.26171875
2018-10-05,^MXX,48717.80078125,48735.109375,48004.921875,48052.8515625,128342300,48052.8515625
2018-10-08,^MXX,48018.3515625,48183.28125,47869.23828125,48093.1015625,145536700,48093.1015625
2018-10-09,^MXX,48040.87890625,48552.078125,47673.37890625,48505.21875,115835800,48505.21875
2018-10-10,^MXX,48506.9609375,48525.109375,48025.26953125,48136.1796875,147682600,48136.1796875
2018-10-11,^MXX,48123.58984375,48205.01171875,47478.58984375,47558.23046875,183060400,47558.23046875
2018-10-12,^MXX,47656.859375,48078.44140625,47071.23828125,47444.05078125,151846700,47444.05078125
2018-10-15,^MXX,47447.6015625,47963.48828125,47204.890625,47739.08984375,107365800,47739.08984375
2018-10-16,^MXX,47830.80859375,48299.23046875,47794.30859375,48191.5703125,120949800,48191.5703125
2018-10-17,^MXX,48221.01171875,48221.01171875,47778.828125,47887.94921875,130687000,47887.94921875
2018-10-18,^MXX,47823.33984375,48026.19140625,46929.421875,47024.4609375,158751900,47024.4609375
2018-10-19,^MXX,47151.30078125,47568.87890625,47103.4609375,47437.44921875,174772800,47437.44921875
2018-10-22,^MXX,47485.73828125,47672.921875,46657.8203125,46962.73828125,126751100,46962.73828125
2018-10-23,^MXX,46771.4609375,46843.828125,46279.390625,46449.03125,159801500,46449.03125
2018-10-24,^MXX,46537.1796875,46640.171875,45898.37890625,45959.0390625,177518200,45959.0390625
2018-10-25,^MXX,46102.1484375,46626.078125,46019.26171875,46275.7109375,160539500,46275.7109375
2018-10-26,^MXX,46107.96875,46118.4609375,45677.26953125,45803.328125,210198000,45803.328125
2018-10-29,^MXX,45763.08984375,45823.44921875,43779.5,43879.12890625,283226200,43879.12890625
2018-10-30,^MXX,43849.51953125,43932.87890625,43407.48828125,43538.12109375,265281800,43538.12109375
2018-10-31,^MXX,43626.6015625,44300.66015625,43604.78125,43942.55078125,350723200,43942.55078125
2018-11-01,^MXX,43993.3515625,45585.01171875,43964.828125,45446.828125,251785000,45446.828125
2018-11-05,^MXX,45449.05078125,46865.73828125,45432.98828125,46817.359375,263564600,46817.359375
2018-11-06,^MXX,46797.87109375,46975.1796875,46120.48828125,46328.3515625,198618300,46328.3515625
2018-11-07,^MXX,46423.80078125,46957.609375,46423.80078125,46917.3984375,207466200,46917.3984375
2018-11-08,^MXX,46808.51953125,46815.62109375,44019.7890625,44190.25,266730400,44190.25
2018-11-09,^MXX,44277.30078125,44539.87109375,42816.75,44263.73828125,293645100,44263.73828125
2018-11-12,^MXX,44098.9296875,44253.109375,43172.16015625,43310.01171875,175353100,43310.01171875
2018-11-13,^MXX,43212.69921875,43308.76953125,42396.62109375,42421.328125,210180300,42421.328125
2018-11-14,^MXX,42474.8203125,43220.578125,42141.94140625,42343.9609375,243201200,42343.9609375
2018-11-15,^MXX,42323.8203125,42457.6796875,41284.0390625,41450.6484375,163402200,41450.6484375
2018-11-16,^MXX,41368.58984375,42460.859375,41368.58984375,42319.26953125,220705500,42319.26953125
2018-11-20,^MXX,41885.62109375,42505.140625,41705.71875,41797.37109375,196342700,41797.37109375
2018-11-21,^MXX,41893.44140625,42216.0390625,41456.66015625,41499.9296875,199105900,41499.9296875
2018-11-22,^MXX,41520.25,41542.71875,41055.80859375,41271.12109375,61405500,41271.12109375
2018-11-23,^MXX,41342.37109375,41557.2109375,41084.44140625,41144.328125,101392600,41144.328125
2018-11-26,^MXX,41275.8203125,41463.3515625,39271.55859375,39427.28125,278486700,39427.28125
2018-11-27,^MXX,39557.8984375,40150,39470,39807.28125,230570200,39807.28125
2018-11-28,^MXX,39939.80078125,41040.58984375,39901.73046875,40989.48046875,296334900,40989.48046875
2018-11-29,^MXX,41038.8515625,41973.80078125,40985.26171875,41913.44921875,236661100,41913.44921875
2018-11-30,^MXX,41976.33984375,41984.578125,41416.1484375,41732.78125,407747600,41732.78125
2018-12-03,^MXX,41976.609375,42947.19921875,41844.05859375,42081.78125,241424900,42081.78125
2018-12-04,^MXX,42127.33984375,42267.66015625,41713.2890625,41865.0703125,245386100,41865.0703125
2018-12-05,^MXX,41929.94140625,41992.359375,41748.421875,41895.26953125,55449000,41895.26953125
2018-12-06,^MXX,41641.23828125,42035.98828125,41175.9609375,41987,210015100,41987
2018-12-07,^MXX,42031.5390625,42315.83984375,41781.6015625,41870.12890625,145493500,41870.12890625
2018-12-10,^MXX,41892.6796875,41934.5390625,41194.578125,41356.0390625,161393200,41356.0390625
2018-12-11,^MXX,41512.109375,41665.1796875,40799.3203125,40897.8515625,163015000,40897.8515625
2018-12-13,^MXX,41118.62890625,41841.6484375,41118.62890625,41512.51171875,207793600,41512.51171875
2018-12-14,^MXX,41539.55078125,41744.73828125,41243.7890625,41312.171875,136776200,41312.171875
2018-12-17,^MXX,41307.51953125,41596.05078125,40278.16015625,40340.51171875,136795100,40340.51171875
2018-12-18,^MXX,40480.75,41148.3984375,40419.19921875,40917.5703125,185471300,40917.5703125
2018-12-19,^MXX,40950.3203125,42032.26171875,40950.3203125,41388.28125,222583500,41388.28125
2018-12-20,^MXX,41562.23828125,41751.8984375,41309.3984375,41683.26953125,161386700,41683.26953125
2018-12-21,^MXX,41676.140625,41799.390625,41135.140625,41468.55859375,432960100,41468.55859375
2018-12-24,^MXX,41421.55859375,41698.25,41182.609375,41380.109375,33657800,41380.109375
2018-12-26,^MXX,41364.16015625,41702.859375,41177.80078125,41573.609375,79376300,41573.609375
2018-12-27,^MXX,41444.23828125,41584.640625,40978.921875,41417.8515625,91005300,41417.8515625
2018-12-28,^MXX,41422.48046875,41621.37890625,41216.03125,41459.1484375,68151300,41459.1484375
2018-12-31,^MXX,41461.69140625,41723.69140625,41421.0703125,41640.26953125,65622100,41640.26953125
2019-01-02,^MXX,41550.75,42328.55078125,41436.48828125,42271.140625,68115200,42271.140625
2019-01-03,^MXX,42172.26171875,42292.390625,41699.78125,42044.3203125,113098700,42044.3203125
2019-01-04,^MXX,42024.76953125,42661.83984375,42024.76953125,42455.12890625,110987200,42455.12890625
2019-01-07,^MXX,42489.05078125,42896.109375,42313.05859375,42834.19921875,142739600,42834.19921875
2019-01-08,^MXX,43264.19140625,43582.19140625,43024.51953125,43542.87109375,174362500,43542.87109375
2019-01-09,^MXX,43563.71875,44046.76953125,43552.609375,43648.0703125,222062800,43648.0703125
2019-01-10,^MXX,43669.03125,43792.1796875,43481.83984375,43668.94921875,189110700,43668.94921875
2019-01-11,^MXX,43707.26953125,43761.19140625,43372.6015625,43556.109375,157125500,43556.109375
2019-01-14,^MXX,43548.55859375,43681.328125,43171.01953125,43397.98046875,118296200,43397.98046875
2019-01-15,^MXX,43387.75,43747.98828125,43387.75,43603.62109375,180731700,43603.62109375
2019-01-16,^MXX,43640.609375,43984.6015625,43602.94140625,43819.53125,181390300,43819.53125
2019-01-17,^MXX,43845.4609375,44070.83984375,43843.0703125,43932.078125,222954400,43932.078125
2019-01-18,^MXX,44024.91015625,44507.3984375,43995.48046875,44241.5390625,191426300,44241.5390625
2019-01-21,^MXX,44273.359375,44541.41015625,43797.1015625,44028.9609375,51613300,44028.9609375
2019-01-22,^MXX,44066.30078125,44073.23828125,43602.828125,43768.078125,180533500,43768.078125
2019-01-23,^MXX,43831.7890625,44104.5703125,43382.3515625,43679.671875,226028900,43679.671875
2019-01-24,^MXX,43738.640625,43856.2890625,43420.37890625,43566.109375,167624100,43566.109375
2019-01-25,^MXX,43603.12109375,44051.76171875,43436.94921875,43638.62109375,165295800,43638.62109375
2019-01-28,^MXX,43590.30078125,43959.87109375,43468.171875,43626.1484375,213910000,43626.1484375
2019-01-29,^MXX,43671.46875,43902.078125,43607.140625,43700.1015625,216394800,43700.1015625
2019-01-30,^MXX,43734.328125,43915.1484375,43084.44921875,43631.359375,175070700,43631.359375
2019-01-31,^MXX,43668.5390625,44190.28125,43600.01171875,43987.94140625,184179100,43987.94140625
2019-02-01,^MXX,44095.44140625,44226.171875,43679.30078125,43738.26953125,145312800,43738.26953125
2019-02-05,^MXX,43898.109375,44491.75,43830.46875,44337.1015625,143140100,44337.1015625
2019-02-06,^MXX,44391.7109375,44495.01953125,43808.828125,43855.7890625,184307300,43855.7890625
2019-02-07,^MXX,43808.78125,44090.48828125,43586.87109375,43624.55078125,156102100,43624.55078125
2019-02-08,^MXX,43576.69921875,43620.2890625,43116.55859375,43180.44921875,111612400,43180.44921875
2019-02-11,^MXX,43126.0390625,43471.87109375,43108.5,43285.171875,100496900,43285.171875
2019-02-12,^MXX,43328.48046875,43616.03125,42970.12109375,43113.7890625,169619700,43113.7890625
2019-02-13,^MXX,43138.51171875,43194.25,42202.9609375,42284.05859375,195295700,42284.05859375
2019-02-14,^MXX,42364.98828125,42780.890625,42066.078125,42725.21875,184916300,42725.21875
2019-02-15,^MXX,42810.12890625,43035.53125,42677.390625,42988.71875,132320000,42988.71875
2019-02-18,^MXX,43022.66015625,43119.5703125,42856.23046875,42981.30859375,24585100,42981.30859375
2019-02-19,^MXX,43003.41015625,43320.51953125,42803.87890625,42949.5,129307600,42949.5
2019-02-20,^MXX,42997.0390625,43345.859375,42997.0390625,43178,170892600,43178
2019-02-21,^MXX,43161.0390625,43633.48046875,43003.390625,43577.640625,152692500,43577.640625
2019-02-22,^MXX,43583.28125,44001.21875,43571.76953125,43738.66015625,137297100,43738.66015625
2019-02-25,^MXX,43805.26953125,44070.12890625,43634.640625,43664.328125,152162100,43664.328125
2019-02-26,^MXX,43647.421875,43724.33984375,43445.91015625,43623.328125,175194100,43623.328125
2019-02-27,^MXX,43662.12109375,43662.12109375,43184.859375,43311.1796875,157917600,43311.1796875
2019-02-28,^MXX,43267.73828125,43355.390625,42550.08984375,42823.80859375,294808900,42823.80859375
2019-03-01,^MXX,42947.7109375,43021.91015625,42291.94140625,42619.23046875,125346700,42619.23046875
2019-03-04,^MXX,42598.19140625,42648.69921875,42197.87109375,42418.48828125,110675000,42418.48828125
2019-03-05,^MXX,42367.921875,42425.08984375,42099.859375,42128.91015625,126793500,42128.91015625
2019-03-06,^MXX,42134.4609375,42419.23046875,41859.21875,41908.1484375,146751000,41908.1484375
2019-03-07,^MXX,41911.53125,42008.46875,41523.921875,41641.83984375,143660500,41641.83984375
2019-03-08,^MXX,41583.9296875,41674.73046875,41140.3203125,41586.69921875,140494000,41586.69921875
2019-03-11,^MXX,41631.19140625,41985.08984375,41490.62109375,41876.171875,101281000,41876.171875
2019-03-12,^MXX,41878.37109375,42174.26171875,41558.16015625,41740.62109375,128527300,41740.62109375
2019-03-13,^MXX,41836.30859375,42026.640625,41795.01171875,41932.55859375,150059300,41932.55859375
2019-03-14,^MXX,41935.91015625,41982.01953125,41469.921875,41777.80859375,133351200,41777.80859375
2019-03-15,^MXX,41810.08984375,42309.96875,41798.94921875,42210.4609375,571444500,42210.4609375
2019-03-19,^MXX,42431.76171875,42745.48828125,42217.08984375,42378.609375,208786400,42378.609375
2019-03-20,^MXX,42389.6015625,43250.609375,42231.19140625,43156.2109375,214931900,43156.2109375
2019-03-21,^MXX,43121.8984375,43362.91015625,42851.91015625,43251.19140625,150021700,43251.19140625
2019-03-22,^MXX,43052.28125,43076.12109375,42132.30078125,42259.12109375,148439300,42259.12109375
2019-03-25,^MXX,42292.69140625,42757.7890625,42276.0390625,42703.37890625,142967200,42703.37890625
2019-03-26,^MXX,42695.75,43013.8203125,42679.421875,42826.16015625,147062600,42826.16015625
2019-03-27,^MXX,42893.37890625,43116.5,42809.76953125,42947.55078125,166516700,42947.55078125
2019-03-28,^MXX,42982.98046875,43069.9296875,42539.44140625,42942.23046875,155395000,42942.23046875
2019-03-29,^MXX,43046.921875,43316.671875,42960.1484375,43281.28125,201679200,43281.28125
2019-04-01,^MXX,43302.44921875,43838.19140625,43302.44921875,43672.05859375,130210300,43672.05859375
2019-04-02,^MXX,43672.05859375,43672.05859375,43168.05859375,43324.58984375,115672300,43324.58984375
2019-04-03,^MXX,43391.9296875,43658.9609375,43298.19921875,43339.75,139044600,43339.75
2019-04-04,^MXX,43341.19140625,43990.1796875,43252.28125,43937.390625,130329800,43937.390625
2019-04-05,^MXX,44007.73046875,45023.5390625,44007.73046875,44989.859375,217740400,44989.859375
2019-04-08,^MXX,44970.1796875,45513.8984375,44725.21875,45436.28125,162478900,45436.28125
2019-04-09,^MXX,45346.828125,45346.828125,44854.53125,45151.62890625,191575000,45151.62890625
2019-04-10,^MXX,45204.75,45219.41015625,44850.109375,44909.140625,145314900,44909.140625
2019-04-11,^MXX,44872.53125,44966.5,44373.48828125,44580.05859375,109090000,44580.05859375
2019-04-12,^MXX,44767.671875,44888.69921875,44534.37890625,44686.05859375,143662400,44686.05859375
2019-04-15,^MXX,44649.73828125,44900.9296875,44347.53125,44625.78125,108627100,44625.78125
2019-04-16,^MXX,44665.2890625,45061.7890625,44644.05859375,45009.359375,136771900,45009.359375
2019-04-17,^MXX,45038.3515625,45599.5703125,44922.6015625,45525.2890625,110086300,45525.2890625
2019-04-22,^MXX,45507.78125,45590.44140625,45321.21875,45381.21875,86717900,45381.21875
2019-04-23,^MXX,45355.9296875,45424.421875,44948.69140625,45148.3203125,132582400,45148.3203125
2019-04-24,^MXX,45112.12890625,45186.26953125,44666.25,45045.328125,131485100,45045.328125
2019-04-25,^MXX,45005.0390625,45064.9296875,44712.30078125,45026.6796875,125639200,45026.6796875
2019-04-26,^MXX,45074.69921875,45208.37109375,44769.3515625,44974.96875,109775400,44974.96875
2019-04-29,^MXX,44987.05078125,45211.1484375,44686.53125,44956.73046875,99063800,44956.73046875
2019-04-30,^MXX,44900.01953125,44904.05078125,44338.51953125,44597.3203125,182198500,44597.3203125
2019-05-02,^MXX,44513.05078125,44577,44236.359375,44312.4296875,152299700,44312.4296875
2019-05-03,^MXX,44207.359375,44517.609375,44187.46875,44277.23828125,131697100,44277.23828125
2019-05-06,^MXX,44083.671875,44175.94140625,43733.51171875,44116.69921875,112770300,44116.69921875
2019-05-07,^MXX,44041.78125,44047.7109375,43408.96875,43583.6015625,124978400,43583.6015625
2019-05-08,^MXX,43550.73046875,43629.98046875,43265.58984375,43410.73828125,137524600,43410.73828125
2019-05-09,^MXX,43249.80859375,43292.3203125,42634.8515625,43193.359375,213444900,43193.359375
2019-05-10,^MXX,43082.87890625,43496.53125,42591.9296875,43382.3515625,176698300,43382.3515625
2019-05-13,^MXX,43172.2890625,43210.140625,42524.2109375,43142.4609375,158579700,43142.4609375
2019-05-14,^MXX,43115.828125,43555.609375,43065.05859375,43431.53125,178927100,43431.53125
2019-05-15,^MXX,43235.359375,43389.5390625,42976.44921875,43338.8203125,168554600,43338.8203125
2019-05-16,^MXX,43357.078125,43696.328125,43259.37109375,43442.48828125,224795700,43442.48828125
2019-05-17,^MXX,43355.2890625,43612.890625,43289.2890625,43445.62109375,145460800,43445.62109375
2019-05-20,^MXX,43513.640625,43802.25,43240.01171875,43519.21875,128816700,43519.21875
2019-05-21,^MXX,43559.12890625,43657.8203125,42951.12109375,43190.1015625,158536500,43190.1015625
2019-05-22,^MXX,43145.109375,43151.23828125,42716.51171875,42942.23046875,112411600,42942.23046875
2019-05-23,^MXX,42834.26171875,42863.41015625,42505.328125,42812.5703125,130074300,42812.5703125
2019-05-24,^MXX,42878.9296875,42957.6796875,42299.23046875,42617.6015625,109779100,42617.6015625
2019-05-27,^MXX,42605.7890625,42613.87109375,42454.19140625,42491.4296875,55464400,42491.4296875
2019-05-28,^MXX,42497.48046875,42601.98828125,42103.1015625,42207.7109375,517663300,42207.7109375
2019-05-29,^MXX,42108.98046875,42889.55859375,42050.421875,42854.75,160494600,42854.75
2019-05-30,^MXX,42861.3984375,43464.23828125,42818.1796875,43345.8203125,147956400,43345.8203125
2019-05-31,^MXX,42693.109375,42867.1015625,42304.9296875,42749.16015625,237096200,42749.16015625
2019-06-03,^MXX,42857.7890625,43319.16015625,42748.73828125,43108.421875,206974600,43108.421875
2019-06-04,^MXX,43220.28125,43583.98828125,43058,43241.8203125,148735300,43241.8203125
2019-06-05,^MXX,43171.73046875,43466.2890625,43011.46875,43420.37890625,130411000,43420.37890625
2019-06-06,^MXX,43417.9609375,43485.109375,42850.109375,43147.828125,118390100,43147.828125
2019-06-07,^MXX,43174.9296875,43496.69921875,43080.28125,43291.328125,78236900,43291.328125
2019-06-10,^MXX,43431.890625,43892.48046875,43337.8203125,43609.171875,179083300,43609.171875
2019-06-11,^MXX,43758.87109375,43884.03125,43569.83984375,43713.66015625,146543700,43713.66015625
2019-06-12,^MXX,43770.8984375,43958.3984375,43593.25,43800.16015625,150009000,43800.16015625
2019-06-13,^MXX,43772.05078125,43848.390625,43326.578125,43483.19921875,149333100,43483.19921875
2019-06-14,^MXX,43496.78125,43503.16015625,42971.76171875,43130.6484375,92577500,43130.6484375
2019-06-17,^MXX,43088.23046875,43529.87109375,42908.7890625,42964.7109375,95463400,42964.7109375
2019-06-18,^MXX,42990.859375,43495.5390625,42987.46875,43161.05078125,122872600,43161.05078125
2019-06-19,^MXX,43215.5390625,43479.26171875,43208.171875,43375.671875,100286700,43375.671875
2019-06-20,^MXX,43552.48046875,43920.7890625,43470.19140625,43645.109375,127724600,43645.109375
2019-06-21,^MXX,43623.2890625,43828.0703125,43347.66015625,43526.73046875,476630200,43526.73046875
2019-06-24,^MXX,43568.21875,43790.28125,43546.6484375,43743.71875,98815300,43743.71875
2019-06-25,^MXX,43637.44921875,43926.4296875,43623.01953125,43792.171875,142482300,43792.171875
2019-06-26,^MXX,43813.37890625,43899.23046875,43682.21875,43792.078125,103345700,43792.078125
2019-06-27,^MXX,43872.26953125,43872.26953125,43278.55859375,43316.55859375,118861200,43316.55859375
2019-06-28,^MXX,43371,43416.6015625,43009.8515625,43161.171875,154407100,43161.171875
2019-07-01,^MXX,43218.1015625,43557.28125,43019.73046875,43438.23828125,104560400,43438.23828125
2019-07-02,^MXX,43503,43713.4296875,43361.9609375,43441.80078125,102358600,43441.80078125
2019-07-03,^MXX,43501.2890625,43567.87109375,43305.23046875,43483.23046875,74914400,43483.23046875
2019-07-04,^MXX,43487.3515625,43551.98046875,43412.48046875,43461.48046875,19660500,43461.48046875
2019-07-05,^MXX,43453.62890625,43521.078125,43137.9609375,43405.3203125,66632400,43405.3203125
2019-07-08,^MXX,43494.3984375,43763.98828125,43324.01171875,43589.078125,87785200,43589.078125
2019-07-09,^MXX,43508.140625,43628.9296875,42730.83984375,42818.66015625,134545100,42818.66015625
2019-07-10,^MXX,42977.4296875,43193.19921875,42668.9296875,42805.609375,168529100,42805.609375
2019-07-11,^MXX,42816.51171875,43017.171875,42617.48828125,42882.01953125,109282800,42882.01953125
2019-07-12,^MXX,42870.171875,42872.3515625,42452.94921875,42647.30859375,103417900,42647.30859375
2019-07-15,^MXX,42698.08984375,43144.73046875,42526.921875,43063.94921875,93360700,43063.94921875
2019-07-16,^MXX,43078.51953125,43167.078125,42700.96875,42984.96875,96273000,42984.96875
2019-07-17,^MXX,43070.4296875,43093.58984375,42496.05859375,42551.5390625,157485100,42551.5390625
2019-07-18,^MXX,42534.8515625,42541.5390625,41429.12109375,41618.109375,174501700,41618.109375
2019-07-19,^MXX,41684.328125,41960.55078125,41558.421875,41606.5390625,135676500,41606.5390625
2019-07-22,^MXX,41722.2109375,41768.5390625,41165,41209.3203125,96897500,41209.3203125
2019-07-23,^MXX,41210.01171875,41325.69140625,40727,40935.33984375,199768300,40935.33984375
2019-07-24,^MXX,40957.96875,41302.87109375,40917.94140625,41167.73828125,143648100,41167.73828125
2019-07-25,^MXX,41126.828125,41163.73046875,40785.921875,40933.4296875,157339600,40933.4296875
2019-07-26,^MXX,40932.41015625,41150.33984375,40625.55859375,40673.78125,140916800,40673.78125
2019-07-29,^MXX,40644.98828125,41394.44140625,40644.98828125,41276.671875,121563600,41276.671875
2019-07-30,^MXX,41238.1015625,41248.55859375,40862.9296875,41159.26953125,103670700,41159.26953125
2019-07-31,^MXX,41085.859375,41098.25,40540.96875,40863.08984375,224795200,40863.08984375
2019-08-01,^MXX,40816.98046875,40978.66015625,40302.91015625,40346.80078125,175951000,40346.80078125
2019-08-02,^MXX,40199.33984375,40199.33984375,39630.66015625,39977.51953125,175313900,39977.51953125
2019-08-05,^MXX,39807.01953125,39820.62109375,39279.51953125,39496.359375,211684500,39496.359375
2019-08-06,^MXX,39538.46875,39974.921875,39525.44140625,39785.62890625,194936300,39785.62890625
2019-08-07,^MXX,39578.03125,40471.73828125,39479.46875,40432.359375,208346600,40432.359375
2019-08-08,^MXX,40496.0703125,40699.8515625,40390.0390625,40439.421875,168753700,40439.421875
2019-08-09,^MXX,40463.75,40501.69921875,40110.921875,40421.28125,117642000,40421.28125
2019-08-12,^MXX,40311.12109375,40347.37890625,39810.140625,39851.2109375,138796900,39851.2109375
2019-08-13,^MXX,39786.26953125,40010.87109375,39430.80078125,39476.5,162811500,39476.5
2019-08-14,^MXX,39345.5703125,39351.23828125,38562.12890625,38650.08984375,295728800,38650.08984375
2019-08-15,^MXX,38622.44140625,38858.2890625,38265.51171875,38574.1796875,172249400,38574.1796875
2019-08-16,^MXX,38636.21875,39374.7109375,38611.05859375,39339.55078125,245976900,39339.55078125
2019-08-19,^MXX,39396.5,39830.30078125,39352.390625,39556.3203125,203666400,39556.3203125
2019-08-20,^MXX,39551.5703125,39842.94921875,39435.671875,39700.05078125,203216500,39700.05078125
2019-08-21,^MXX,39780.30078125,40122.44921875,39697.1015625,40076.0390625,269006000,40076.0390625
2019-08-22,^MXX,40072.37109375,40378.73046875,40023.6796875,40144.23828125,180439600,40144.23828125
2019-08-23,^MXX,40000.890625,40226.6484375,39782.73046875,39862.0703125,146431200,39862.0703125
2019-08-26,^MXX,39915.5703125,40144.8203125,39887.62109375,40081.71875,134615300,40081.71875
2019-08-27,^MXX,40105.19140625,40721.359375,40105.19140625,40648.96875,561318900,40648.96875
2019-08-28,^MXX,40654.390625,41065.421875,40580.9609375,40941.9609375,168519400,40941.9609375
2019-08-29,^MXX,41030.12890625,42005.33984375,41030.12890625,41831.30078125,221653700,41831.30078125
2019-08-30,^MXX,42000.890625,42680.23046875,41898.671875,42622.5,334492800,42622.5
2019-09-02,^MXX,42621.87109375,42621.87109375,41988.01171875,42108.23046875,43877100,42108.23046875
2019-09-03,^MXX,42222.28125,42237.3984375,41724.23046875,41826.55078125,227203800,41826.55078125
2019-09-04,^MXX,41934.4296875,42359.890625,41901.98046875,42324.46875,330571700,42324.46875
2019-09-05,^MXX,42495.98046875,42768.62109375,42475.5,42731.48046875,156447400,42731.48046875
2019-09-06,^MXX,42873.6015625,43037.26171875,42615.30859375,42707.66015625,122346300,42707.66015625
2019-09-09,^MXX,42808.23046875,43231.51953125,42555.8203125,42662.46875,105424500,42662.46875
2019-09-10,^MXX,42607.98828125,42860.2890625,42402.6484375,42588.1015625,151218400,42588.1015625
2019-09-11,^MXX,42607.671875,42809.05078125,42483.1015625,42749.171875,134325300,42749.171875
2019-09-12,^MXX,42798.12890625,43030.26953125,42589.12890625,42670.41015625,138966200,42670.41015625
2019-09-13,^MXX,42716.87109375,42995.328125,42675.87890625,42841.4609375,106896800,42841.4609375
2019-09-17,^MXX,42823.51171875,43486.62109375,42743.26171875,43448.94140625,213641200,43448.94140625
2019-09-18,^MXX,43396.19140625,43456.859375,42902.37109375,43070.33984375,148961100,43070.33984375
2019-09-19,^MXX,43102.80859375,43139.03125,42937.05859375,43017.4609375,113237000,43017.4609375
2019-09-20,^MXX,43084.33984375,43665.94140625,43014.51953125,43559.44921875,836150600,43559.44921875
2019-09-23,^MXX,43436.21875,43531.71875,43401.5703125,43507.94921875,103045100,43507.94921875
2019-09-24,^MXX,43497.671875,43560.05078125,43051.21875,43099.328125,142811800,43099.328125
2019-09-25,^MXX,43099.01171875,43099.01171875,42563.0703125,43014.078125,184974700,43014.078125
2019-09-26,^MXX,43051.01171875,43220.83984375,42835.3203125,42984.75,147086300,42984.75
2019-09-27,^MXX,43042.44921875,43042.44921875,42750.16015625,42857.578125,103303400,42857.578125
2019-09-30,^MXX,42782.0703125,43230.6484375,42776.421875,43011.26953125,185049400,43011.26953125
2019-10-01,^MXX,43006.12109375,43110.30078125,42863.48828125,42937.16015625,117491300,42937.16015625
2019-10-02,^MXX,42787.5390625,42804.4609375,42128.96875,42222.8984375,123038000,42222.8984375
2019-10-03,^MXX,42202.66015625,42504.08984375,42107.01171875,42443.30859375,96559200,42443.30859375
2019-10-04,^MXX,42457.55078125,43448.640625,42426.828125,43416.8984375,125587800,43416.8984375
2019-10-07,^MXX,43402.16015625,43403.94140625,42903.37890625,42952.2890625,101995800,42952.2890625
2019-10-08,^MXX,42914.80078125,42940.6796875,42489.3984375,42535.140625,156602300,42535.140625
2019-10-09,^MXX,42591.98046875,42807.2109375,42445.94140625,42501.921875,136161300,42501.921875
2019-10-10,^MXX,42544.16015625,43010.21875,42480.1015625,42929.76171875,222833900,42929.76171875
2019-10-11,^MXX,43073.8984375,43496.46875,43038.53125,43214.6015625,141784500,43214.6015625
2019-10-14,^MXX,43110.55859375,43389.26953125,43110.55859375,43299.53125,95999200,43299.53125
2019-10-15,^MXX,43335.01171875,43462.03125,43214.16015625,43244.62890625,148645300,43244.62890625
2019-10-16,^MXX,43312.19140625,43563.9609375,43203.76171875,43538.48828125,188703900,43538.48828125
2019-10-17,^MXX,43574.1484375,43687.44921875,43292.75,43479.98046875,169230700,43479.98046875
2019-10-18,^MXX,43189.44921875,43559.609375,43094.03125,43178.62890625,206626300,43178.62890625
2019-10-21,^MXX,43239.19140625,43456.48828125,43203.0390625,43405.4296875,123775600,43405.4296875
2019-10-22,^MXX,43435.19140625,43624.23046875,43249.44921875,43363.5390625,176146000,43363.5390625
2019-10-23,^MXX,43388.03125,43575.2890625,43279.69140625,43546.48046875,139689000,43546.48046875
2019-10-24,^MXX,43552.58984375,43816.46875,43424.6796875,43776.6015625,205826300,43776.6015625
2019-10-25,^MXX,43786.75,43833.390625,43359.53125,43389.16015625,156139100,43389.16015625
2019-10-28,^MXX,43382.94140625,43804.01953125,43371.3984375,43765.48828125,148316000,43765.48828125
2019-10-29,^MXX,43709.19921875,43979.2890625,43649.578125,43851.05859375,159045400,43851.05859375
2019-10-30,^MXX,43907.26953125,43913.390625,43638.2890625,43741.62109375,151170600,43741.62109375
2019-10-31,^MXX,43753.01953125,43768.75,43304.859375,43337.28125,197290500,43337.28125
2019-11-01,^MXX,43337.12109375,43850.390625,43325.94921875,43814.55078125,138787800,43814.55078125
2019-11-04,^MXX,43814.55078125,44233.03125,43786.859375,43815.76171875,134995900,43815.76171875
2019-11-05,^MXX,43824.69140625,43844.58984375,43401.30078125,43611.83984375,204832200,43611.83984375
2019-11-06,^MXX,43650.890625,43849.21875,43332.1796875,43818.51171875,121802200,43818.51171875
2019-11-07,^MXX,43846.62109375,44261.33984375,43797.5,44119.8984375,160371000,44119.8984375
2019-11-08,^MXX,44027.1015625,44128.12890625,43632.8203125,43702.23046875,78350900,43702.23046875
2019-11-11,^MXX,43538.08984375,43699.98046875,43513.1484375,43595.6015625,97112500,43595.6015625
2019-11-12,^MXX,43537.41015625,43564.2890625,43038.12109375,43100.76953125,152670200,43100.76953125
2019-11-13,^MXX,43037.30859375,43182.73828125,43028.640625,43098.66015625,110378400,43098.66015625
2019-11-14,^MXX,43128.76953125,43284.921875,43021.30078125,43188.69140625,117855500,43188.69140625
2019-11-15,^MXX,43219.578125,43434.23828125,43195.828125,43392.359375,95431600,43392.359375
2019-11-19,^MXX,43367.078125,43662.7890625,43367.078125,43602.25,172645900,43602.25
2019-11-20,^MXX,43623.1015625,43814.5,43421.16015625,43604.69921875,109208100,43604.69921875
2019-11-21,^MXX,43633.83984375,43633.83984375,43101.8984375,43255.4296875,120388800,43255.4296875
2019-11-22,^MXX,43249.80078125,43557.640625,43249.80078125,43521.859375,105097300,43521.859375
2019-11-25,^MXX,43483.328125,43727.96875,43467.421875,43535.109375,113976800,43535.109375
2019-11-26,^MXX,43465.94921875,43466.3515625,42785.08984375,42852.359375,602710500,42852.359375
2019-11-27,^MXX,42924.8515625,43065.62890625,42849.62890625,43036.16015625,109035600,43036.16015625
2019-11-28,^MXX,43062.80859375,43171.890625,42921.328125,43100.12109375,14564700,43100.12109375
2019-11-29,^MXX,43122.19140625,43122.66015625,42755.98828125,42820.1796875,84595100,42820.1796875
2019-12-02,^MXX,42863.3515625,42903.78125,42508.1015625,42544.140625,140656700,42544.140625
2019-12-03,^MXX,42417.5703125,42508.671875,42255.71875,42294.51953125,107724200,42294.51953125
2019-12-04,^MXX,42354.8984375,42496.328125,42159.2890625,42191.921875,131988300,42191.921875
2019-12-05,^MXX,42216.30078125,42513.25,42171.98828125,42216.03125,118806100,42216.03125
2019-12-06,^MXX,42307.98828125,42343.80078125,41894.75,41938.69140625,119341700,41938.69140625
2019-12-09,^MXX,41938.69140625,42370.1484375,41924.2109375,41951.58984375,90508700,41951.58984375
2019-12-10,^MXX,42037.5390625,42649.62890625,41986.28125,42633.4296875,124122600,42633.4296875
2019-12-11,^MXX,42639.58984375,43237.25,42592.01953125,43195.19140625,160648600,43195.19140625
2019-12-13,^MXX,43415.21875,44401.01171875,43415.21875,44254.4296875,163260800,44254.4296875
2019-12-16,^MXX,44343.1796875,44495.48828125,44136.640625,44356.21875,117209400,44356.21875
2019-12-17,^MXX,44400.578125,44434.19140625,44118.05859375,44401.16015625,194926900,44401.16015625
2019-12-18,^MXX,44384.05078125,45160.1015625,44366.359375,45106.2890625,279772100,45106.2890625
2019-12-19,^MXX,45189.12109375,45189.828125,44615.4296875,44649.4296875,130327800,44649.4296875
2019-12-20,^MXX,44694.44921875,44804.44140625,44424.4609375,44505.640625,473714200,44505.640625
2019-12-23,^MXX,44571.26171875,44590.9296875,44189.23828125,44276.8515625,92129000,44276.8515625
2019-12-24,^MXX,44275.7890625,44298.94140625,44108.44921875,44157.96875,13691800,44157.96875
2019-12-26,^MXX,44149.96875,44360.62109375,44057.48828125,44300.171875,32194100,44300.171875
2019-12-27,^MXX,44312.5703125,44510.78125,44156.859375,44261.51171875,59475000,44261.51171875
2019-12-30,^MXX,44318.8984375,44347.73828125,43451.48828125,43657.48046875,81802900,43657.48046875
2019-12-31,^MXX,43668.7109375,43705.359375,43439.6796875,43541.01953125,46721800,43541.01953125
2020-01-02,^MXX,43739.51953125,44521.51953125,43716.48828125,44437.23046875,95180400,44437.23046875
2020-01-03,^MXX,44355.2109375,44742.98046875,44177.91015625,44624.8515625,103484500,44624.8515625
2020-01-06,^MXX,44489.96875,44571.73828125,44287.12890625,44495.30078125,86928400,44495.30078125
2020-01-07,^MXX,44522.359375,44588.26953125,44018.05859375,44157.80859375,137546300,44157.80859375
2020-01-08,^MXX,44160.55078125,44515.98828125,44078.41015625,44470.91015625,144629400,44470.91015625
2020-01-09,^MXX,44452.73828125,44621.578125,44378.78125,44572.171875,173852300,44572.171875
2020-01-10,^MXX,44593.890625,44909.44140625,44529.51171875,44660.328125,135840900,44660.328125
2020-01-13,^MXX,44720.3515625,44944.25,44584.66015625,44847.46875,149580500,44847.46875
2020-01-14,^MXX,44804.55078125,44818.9296875,44379.37890625,44773.23828125,171978900,44773.23828125
2020-01-15,^MXX,44726.71875,44848.0703125,44412.609375,44453.328125,179445600,44453.328125
2020-01-16,^MXX,44530.69140625,45354.53125,44513.46875,45303.078125,190177600,45303.078125
2020-01-17,^MXX,45311.73046875,45885.44140625,45256.30859375,45817.76171875,173859200,45817.76171875
2020-01-20,^MXX,45811.16015625,45955.41015625,45755.9296875,45902.6796875,32099800,45902.6796875
2020-01-21,^MXX,45807.23046875,45831.2890625,45380.98828125,45637.3203125,135382200,45637.3203125
2020-01-22,^MXX,45658.66015625,45902.26171875,45562.2890625,45604.44140625,158784400,45604.44140625
2020-01-23,^MXX,45502.33984375,45516.78125,45145.98046875,45476.4296875,198093000,45476.4296875
2020-01-24,^MXX,45493.96875,45528.6796875,45091.6484375,45141.62109375,142721200,45141.62109375
2020-01-27,^MXX,44802.73046875,44807.828125,44039.109375,44134.390625,126493100,44134.390625
2020-01-28,^MXX,44206.6796875,44811.51953125,44206.6796875,44717.94140625,126852800,44717.94140625
2020-01-29,^MXX,44858.37890625,45198.7109375,44683.58984375,45132.6015625,166379800,45132.6015625
2020-01-30,^MXX,45088.1015625,45088.1015625,44635.921875,44862.76171875,160392700,44862.76171875
2020-01-31,^MXX,44759.8984375,44829.921875,44079.390625,44108.30859375,312755900,44108.30859375
2020-02-04,^MXX,44330.96875,45136.8203125,44330.96875,45047.0703125,230415400,45047.0703125
2020-02-05,^MXX,45252.609375,45489.25,44686.9609375,44782.859375,160083000,44782.859375
2020-02-06,^MXX,44870.05859375,44966.37109375,44417.1015625,44493.1484375,140863100,44493.1484375
2020-02-07,^MXX,44407.16015625,44466.30078125,44010.7109375,44399.328125,109892200,44399.328125
2020-02-10,^MXX,44390.359375,44421.421875,43996.80078125,44290.53125,127396100,44290.53125
2020-02-11,^MXX,44379.1796875,45222.8984375,44307.46875,45027.41015625,151710800,45027.41015625
2020-02-12,^MXX,45193.578125,45645.9296875,45143.69140625,45338.37109375,271163000,45338.37109375
2020-02-13,^MXX,45338.37109375,45338.37109375,44784.2109375,45005.12109375,177633700,45005.12109375
2020-02-14,^MXX,45122.578125,45150.3515625,44850.51171875,44999.6796875,131042300,44999.6796875
2020-02-17,^MXX,44996.421875,45059.671875,44873.48046875,45016.9609375,32139500,45016.9609375
2020-02-18,^MXX,44991.01171875,45183.578125,44901.0390625,44974.109375,133300100,44974.109375
2020-02-19,^MXX,45046.01953125,45166.03125,44716.30859375,44901.5,174543900,44901.5
2020-02-20,^MXX,44956.4609375,45050.62109375,44580.69140625,44774.5390625,182720500,44774.5390625
2020-02-21,^MXX,44810.62890625,45020.44140625,44600.98828125,44802.5390625,146648800,44802.5390625
2020-02-24,^MXX,43988.76953125,44115.828125,43523.21875,43818.0703125,163769200,43818.0703125
2020-02-25,^MXX,43939.80859375,43943.73046875,42981.83984375,43045.6796875,177163100,43045.6796875
2020-02-26,^MXX,43148.37890625,43376.890625,42684.359375,42737.28125,236279700,42737.28125
2020-02-27,^MXX,42512.3984375,42512.3984375,41522.9296875,41607.421875,221635400,41607.421875
2020-02-28,^MXX,41183.75,41577.55078125,39838.0390625,41324.30859375,380959200,41324.30859375
2020-03-02,^MXX,41391.08984375,42347.4609375,41373.87109375,42167.23828125,267176100,42167.23828125
2020-03-03,^MXX,42209.2890625,43113.80859375,42110.16015625,42472.25,241737100,42472.25
2020-03-04,^MXX,42711.7109375,43462.26953125,42711.7109375,43404.76171875,157320300,43404.76171875
2020-03-05,^MXX,43263.75,43279.5703125,42136.078125,42344.859375,142960000,42344.859375
2020-03-06,^MXX,42134.1484375,42134.1484375,41201.671875,41388.78125,167489000,41388.78125
2020-03-09,^MXX,40101.87109375,40265.37109375,38646.37109375,38730.55859375,206509000,38730.55859375
2020-03-10,^MXX,39502.23046875,39759.96875,38883.078125,39565.44140625,260716900,39565.44140625
2020-03-11,^MXX,39248.48828125,39248.48828125,38409.55859375,38678.55078125,246658100,38678.55078125
2020-03-12,^MXX,38371.1484375,38371.1484375,35003.48828125,36636.69921875,338781100,36636.69921875
2020-03-13,^MXX,37487.6796875,38258.8984375,37248.01953125,38085.05078125,281966000,38085.05078125
2020-03-17,^MXX,36660.12890625,37070.5703125,34775.23046875,36862.83984375,495328300,36862.83984375
2020-03-18,^MXX,36096.76171875,37180.55859375,35439.94140625,35532.73828125,293107400,35532.73828125
2020-03-19,^MXX,35566.421875,35576.91015625,34213.28125,35143.62890625,232076100,35143.62890625
2020-03-20,^MXX,35284.69921875,35456.48046875,33894.96875,34269.51171875,703945600,34269.51171875
2020-03-23,^MXX,34481.30078125,34721.6796875,32646.9609375,32964.21875,186601700,32964.21875
2020-03-24,^MXX,33338.37890625,35148.08984375,33338.37890625,34371.53125,246843900,34371.53125
2020-03-25,^MXX,34547.578125,36493.8984375,34369.48046875,35536.69921875,211798800,35536.69921875
2020-03-26,^MXX,35517.91015625,36655.23046875,35493.94921875,35706.5703125,223230700,35706.5703125
2020-03-27,^MXX,34951.30859375,35043.3984375,33720.1484375,33799.48828125,270719300,33799.48828125
2020-03-30,^MXX,33978.73828125,34334.44140625,33978.73828125,34199.96875,164060600,34199.96875
2020-03-31,^MXX,34239.109375,35208.01953125,34074.578125,34554.53125,377848300,34554.53125
2020-04-01,^MXX,34098.859375,34118,33443.51953125,33691.87890625,209106900,33691.87890625
2020-04-02,^MXX,33686.08984375,34330.37890625,33372.4296875,33590.62109375,186445500,33590.62109375
2020-04-03,^MXX,33708.51953125,33896.28125,32503.25,33075.41015625,170642000,33075.41015625
2020-04-06,^MXX,33641.0703125,34750.171875,33641.0703125,34381.55859375,182677600,34381.55859375
2020-04-07,^MXX,34688.3203125,35162.46875,34361.30078125,34526.30859375,209742300,34526.30859375
2020-04-08,^MXX,34625.0703125,34804.1484375,34284.51953125,34567.78125,173301800,34567.78125
2020-04-13,^MXX,34694.03125,34833.55859375,34414.69140625,34613.671875,162653800,34613.671875
2020-04-14,^MXX,34765.51171875,35227.6015625,34562.8984375,34746.390625,183031600,34746.390625
2020-04-15,^MXX,34593.578125,34618.3984375,33805.19921875,33855.23828125,216587900,33855.23828125
2020-04-16,^MXX,33935.44921875,34099.1015625,33303.44140625,33759.75,251591100,33759.75
2020-04-17,^MXX,34190.01953125,34923.76171875,34190.01953125,34743.1015625,162231800,34743.1015625
2020-04-20,^MXX,34567.1796875,34594.96875,34140.75,34477.05859375,153774600,34477.05859375
2020-04-21,^MXX,34281.140625,34321.19921875,33826.921875,33892.28125,122731100,33892.28125
2020-04-22,^MXX,34183.390625,34463.12890625,34105.48046875,34223.8515625,200294400,34223.8515625
2020-04-23,^MXX,34308.41015625,34494.98046875,34165.3203125,34240.6015625,197079500,34240.6015625
2020-04-24,^MXX,34361.01953125,34773.140625,34113.3203125,34586.8203125,281220800,34586.8203125
2020-04-27,^MXX,34704.83984375,35058.41015625,34488.41015625,34968.08984375,198687100,34968.08984375
2020-04-28,^MXX,35065.76171875,35888.46875,35065.76171875,35830.80859375,344904800,35830.80859375
2020-04-29,^MXX,36095.71875,36976.6484375,36095.71875,36870.08984375,196287600,36870.08984375
2020-04-30,^MXX,36923.5,36923.5,36096.859375,36470.109375,246830000,36470.109375
2020-05-04,^MXX,36266.73046875,36440.8203125,35645.3984375,36370.4296875,233337100,36370.4296875
2020-05-05,^MXX,36357.3984375,36852.58984375,36356.8515625,36616.05859375,148214100,36616.05859375
2020-05-06,^MXX,36672.8203125,37029.16015625,36532.26171875,36986.19921875,150916000,36986.19921875
2020-05-07,^MXX,37136.921875,37321.30078125,36662.8203125,36792.41015625,142846100,36792.41015625
2020-05-08,^MXX,36867.26171875,37846.26953125,36865.5703125,37623.6796875,152768500,37623.6796875
2020-05-11,^MXX,37614.80078125,37819.671875,37235.8515625,37631.890625,140379000,37631.890625
2020-05-12,^MXX,37675.26953125,38015.94140625,37352.12890625,37462.890625,161125000,37462.890625
2020-05-13,^MXX,37403.2109375,37403.2109375,36344.921875,36394.58984375,271439000,36394.58984375
2020-05-14,^MXX,36266.69140625,36310.94140625,35690.69921875,36094.140625,157261400,36094.140625
2020-05-15,^MXX,36036.21875,36158.91015625,35652.421875,35691.390625,131211300,35691.390625
2020-05-18,^MXX,35845.578125,37175.96875,35836.4609375,37112.4609375,179950200,37112.4609375
2020-05-19,^MXX,36935.1796875,36991.48046875,35749.671875,35862.0390625,217403100,35862.0390625
2020-05-20,^MXX,36023.76953125,36115.078125,35553.9296875,36026.98046875,203045100,36026.98046875
2020-05-21,^MXX,35854.828125,36060.9296875,35454.51953125,35560.76171875,162494600,35560.76171875
2020-05-22,^MXX,35525.48828125,35825.2109375,35277.5390625,35784.421875,119075400,35784.421875
2020-05-25,^MXX,35813.26953125,36003.37109375,35770.140625,35832.76953125,37538300,35832.76953125
2020-05-26,^MXX,35953.94140625,36576.69921875,35897.5390625,36206.859375,197668600,36206.859375
2020-05-27,^MXX,36317.5390625,36973.30078125,36241.01953125,36889.9609375,176207000,36889.9609375
2020-05-28,^MXX,36979.078125,36994.16015625,36400.109375,36508.140625,173561300,36508.140625
2020-05-29,^MXX,36471.8203125,36471.8203125,35555.75,36122.73046875,743778600,36122.73046875
2020-06-01,^MXX,36115.12890625,37131.91015625,35979.21875,36980.8515625,127693300,36980.8515625
2020-06-02,^MXX,37012.640625,37826.171875,36906.359375,37460.44140625,229177200,37460.44140625
2020-06-03,^MXX,37540.62109375,38317.8984375,37540.62109375,38290.76953125,286723500,38290.76953125
2020-06-04,^MXX,38247.44921875,38310.05078125,37665.640625,37872.890625,243657600,37872.890625
2020-06-05,^MXX,38226.5703125,39164.28125,38220.6484375,38948.078125,211569100,38948.078125
2020-06-08,^MXX,39105.390625,40030.94921875,38997.58984375,39954.01171875,224210300,39954.01171875
2020-06-09,^MXX,39795.1484375,39804.16015625,38902.73046875,39185.66015625,218346100,39185.66015625
2020-06-10,^MXX,39167.12109375,39174.01171875,38212.30078125,38266.19140625,188244800,38266.19140625
2020-06-11,^MXX,37731.98828125,37803.26953125,36622.1015625,36827.359375,201982200,36827.359375
2020-06-12,^MXX,37243.828125,37772.0390625,37084.33984375,37679.23828125,180935200,37679.23828125
2020-06-15,^MXX,37453.53125,37691.05859375,37087.16015625,37416.73828125,158208000,37416.73828125
2020-06-16,^MXX,37924.51953125,38193.421875,37512.91015625,37894.05078125,183397800,37894.05078125
2020-06-17,^MXX,37980.5390625,38134.87890625,37820.19140625,37897.23828125,146231900,37897.23828125
2020-06-18,^MXX,37909.37109375,37909.37109375,37536.62890625,37632.890625,145116400,37632.890625
2020-06-19,^MXX,37839.5390625,38592.25,37782.98046875,38404.62890625,926578300,38404.62890625
2020-06-22,^MXX,38372.171875,38372.171875,37851.19140625,38123.55859375,139646300,38123.55859375
2020-06-23,^MXX,38451.01171875,38643.421875,38157.62109375,38217.6796875,157345400,38217.6796875
2020-06-24,^MXX,38011.671875,38037.37109375,37738.6015625,37908.37890625,149757900,37908.37890625
2020-06-25,^MXX,37857.73046875,37917.12109375,37651.8984375,37734.51953125,100428600,37734.51953125
2020-06-26,^MXX,37794.671875,37794.671875,37273.51171875,37431.94921875,111590600,37431.94921875
2020-06-29,^MXX,37629.80078125,37824.87890625,37446.51953125,37769.19140625,102336800,37769.19140625
2020-06-30,^MXX,37707.71875,37874.46875,37425.83984375,37716.4296875,187916800,37716.4296875
2020-07-01,^MXX,37636.23046875,37935.140625,37532.28125,37619.76953125,168620900,37619.76953125
2020-07-02,^MXX,37883.96875,38416.9609375,37741.5,37894.078125,163134900,37894.078125
2020-07-03,^MXX,37877.12890625,37995.5390625,37710.41015625,37950,19679300,37950
2020-07-06,^MXX,38088.6484375,38190.87109375,37800.58984375,37884.76171875,127711300,37884.76171875
2020-07-07,^MXX,37843.9609375,38042.7109375,37696.671875,37837.390625,139887800,37837.390625
2020-07-08,^MXX,38111.1484375,38112.421875,37292.98046875,37483.87890625,176346300,37483.87890625
2020-07-09,^MXX,37500.19140625,37500.19140625,36740.4296875,36795.94921875,133280000,36795.94921875
2020-07-10,^MXX,36777.76953125,36777.76953125,36263.96875,36465.4609375,105150800,36465.4609375
2020-07-13,^MXX,36602.76953125,36939.69140625,36321.58984375,36389.390625,150410600,36389.390625
2020-07-14,^MXX,36365.76953125,36365.76953125,35883.46875,36190.91015625,166784200,36190.91015625
2020-07-15,^MXX,36427.83984375,36717.53125,36427.83984375,36590.26171875,194173400,36590.26171875
2020-07-16,^MXX,36517.26171875,36533.55859375,36193.71875,36465.671875,163886500,36465.671875
2020-07-17,^MXX,36553.7109375,36589.05859375,36172.98828125,36327.83984375,120832100,36327.83984375
2020-07-20,^MXX,36316.6015625,36398.26953125,36195.62890625,36323.69140625,104592000,36323.69140625
2020-07-21,^MXX,36378.78125,37027.671875,36378.78125,36881.671875,159575200,36881.671875
2020-07-22,^MXX,36872.23046875,37498.328125,36867.2890625,37447.1015625,111884900,37447.1015625
2020-07-23,^MXX,37564.9609375,37625.46875,37244.48828125,37433.30078125,111327700,37433.30078125
2020-07-24,^MXX,37454.01953125,37455.83984375,37045.328125,37357.4609375,107838600,37357.4609375
2020-07-27,^MXX,37390.23046875,37801.41015625,37191.96875,37742.140625,160802900,37742.140625
2020-07-28,^MXX,37685.51171875,37852.5390625,37573.578125,37771.2109375,143410900,37771.2109375
2020-07-29,^MXX,37794.69921875,37807.33984375,37381.6484375,37720.83984375,159535500,37720.83984375
2020-07-30,^MXX,37573.48046875,37636.7890625,36975.78125,37136.78125,101237700,37136.78125
2020-07-31,^MXX,37255.80078125,37256.76953125,36667.5,37019.6796875,274994400,37019.6796875
2020-08-03,^MXX,37359.03125,37735.87109375,37196.7890625,37546.71875,154914300,37546.71875
2020-08-04,^MXX,37611.640625,37746.41015625,37374.359375,37466.94921875,181950200,37466.94921875
2020-08-05,^MXX,37433.46875,38339.1796875,37433.46875,37901.9609375,146010800,37901.9609375
2020-08-06,^MXX,37982.05859375,38197.6484375,37722.19140625,37998.33984375,122767000,37998.33984375
2020-08-07,^MXX,38031,38104.03125,37770.8984375,38005,87930700,38005
2020-08-10,^MXX,38098.12109375,38432,38043.91015625,38289.76171875,92165000,38289.76171875
2020-08-11,^MXX,38442.4296875,38947.3203125,38400.921875,38703.58984375,135385000,38703.58984375
2020-08-12,^MXX,38901.12890625,38955.33984375,38603.44921875,38634.1015625,99486700,38634.1015625
2020-08-13,^MXX,38660.2890625,38758.73828125,38368.55859375,38615.62109375,103940600,38615.62109375
2020-08-14,^MXX,38629.48828125,39047.12109375,38452.6796875,38949.87890625,118697000,38949.87890625
2020-08-17,^MXX,38955.6796875,39317.23828125,38848.37890625,39285.8515625,128684900,39285.8515625
2020-08-18,^MXX,39337.6484375,39349.37890625,38875.9609375,39087.3515625,179124200,39087.3515625
2020-08-19,^MXX,39078.23046875,39212.3984375,38945.859375,39021.921875,123913300,39021.921875
2020-08-20,^MXX,39019.2109375,39019.2109375,38534.828125,38707.23828125,113789400,38707.23828125
2020-08-21,^MXX,38692.80078125,38692.80078125,38053.62890625,38095.87890625,95386100,38095.87890625
2020-08-24,^MXX,38189.671875,38344.08984375,37971.66015625,38029.62109375,111110400,38029.62109375
2020-08-25,^MXX,37883.30859375,38321.3203125,37803.4609375,38249.8984375,153501200,38249.8984375
2020-08-26,^MXX,38229.44921875,38231.0703125,37706.19140625,37753.0390625,152144900,37753.0390625
2020-08-27,^MXX,37844.0390625,37917.140625,37453.6015625,37647.19140625,122956700,37647.19140625
2020-08-28,^MXX,37590.6796875,37905.4296875,37555.98046875,37794.25,95345300,37794.25
2020-08-31,^MXX,37773.28125,37805.23828125,36788.671875,36840.73046875,399817100,36840.73046875
2020-09-01,^MXX,36893.8203125,37532.9609375,36744.78125,37487.98828125,187147300,37487.98828125
2020-09-02,^MXX,37656.0390625,37656.0390625,36973.76171875,37053.76953125,147051300,37053.76953125
2020-09-03,^MXX,36984.44140625,37007.75,36384.69140625,36429.66015625,157137000,36429.66015625
2020-09-04,^MXX,36366.55078125,36576.8203125,35853.578125,36448.5,136693200,36448.5
2020-09-07,^MXX,36492.19921875,36725.30859375,36466.44921875,36637.44921875,14432100,36637.44921875
2020-09-08,^MXX,36597.53125,36597.55078125,35748.0390625,36071.4296875,124202100,36071.4296875
2020-09-09,^MXX,36115.23828125,36405.37890625,35915.421875,36157.9609375,138264900,36157.9609375
2020-09-10,^MXX,36173.23828125,36372.96875,35908.98828125,36180.73828125,174185900,36180.73828125
2020-09-11,^MXX,36258.0703125,36390.01953125,36110.6484375,36334.890625,280229300,36334.890625
2020-09-14,^MXX,36780.44140625,37030.8203125,36595.12109375,36881.98828125,150019800,36881.98828125
2020-09-15,^MXX,36983.19921875,37032.328125,36691.87109375,36729.1484375,184597500,36729.1484375
2020-09-17,^MXX,36628.1796875,36628.1796875,36052.390625,36130.921875,232987200,36130.921875
2020-09-18,^MXX,36255.87890625,36275.1484375,35972.03125,36017.3515625,486905600,36017.3515625
2020-09-21,^MXX,35978.359375,35978.359375,35354.03125,35517.76953125,110138500,35517.76953125
2020-09-22,^MXX,35537.4296875,35918.01953125,35428.859375,35853.578125,126610200,35853.578125
2020-09-23,^MXX,35981.98828125,36119.3203125,35669.5,35829.578125,135746900,35829.578125
2020-09-24,^MXX,35780.328125,36425.73828125,35772.01953125,36217.48828125,190696500,36217.48828125
2020-09-25,^MXX,36280.01171875,36626.640625,35910.96875,36583.7109375,184842700,36583.7109375
2020-09-28,^MXX,36904.890625,37329.578125,36825.3515625,37231.5,204799200,37231.5
2020-09-29,^MXX,37268.01953125,37268.01953125,36973.19921875,37134.921875,134150700,37134.921875
2020-09-30,^MXX,37145.91015625,37688.51171875,37098.33984375,37458.69140625,198611000,37458.69140625
2020-10-01,^MXX,37435.73046875,37440.33984375,36582.109375,36626.109375,123598600,36626.109375
2020-10-02,^MXX,36434.609375,36716.171875,36313.73828125,36642.37890625,115541800,36642.37890625
2020-10-05,^MXX,36728.76953125,36952,36631.62109375,36740.328125,131829300,36740.328125
2020-10-06,^MXX,36777.28125,37103.96875,36684.44921875,36947.87109375,102728300,36947.87109375
2020-10-07,^MXX,37077.640625,37457.78125,36993.078125,37418.7890625,122449600,37418.7890625
2020-10-08,^MXX,37440.66015625,38446.44140625,37380.1484375,38404.05078125,175750800,38404.05078125
2020-10-09,^MXX,38369.28125,38718.4296875,38162.0703125,38478.578125,59366600,38478.578125
2020-10-12,^MXX,38574.890625,38670,38287.44921875,38342.08984375,165643500,38342.08984375
2020-10-13,^MXX,38298.83984375,38315.94140625,38087,38131.78125,119511500,38131.78125
2020-10-14,^MXX,38139.98046875,38271.51953125,37915.328125,38025.71875,175342100,38025.71875
2020-10-15,^MXX,37893.8515625,38111.94921875,37656.48046875,38059.23046875,161152700,38059.23046875
2020-10-16,^MXX,38030.80859375,38292.1796875,37834,37876.48828125,145696100,37876.48828125
2020-10-19,^MXX,37891.9296875,37993.828125,37557.5390625,37685.73828125,123400600,37685.73828125
2020-10-20,^MXX,37726.4609375,38303.19140625,37694.19140625,38201.80859375,169743200,38201.80859375
2020-10-21,^MXX,38366.05078125,38830.6015625,38281.80859375,38669.25,226033900,38669.25
2020-10-22,^MXX,38693.1484375,38755.8203125,38392.48046875,38652.19140625,218160200,38652.19140625
2020-10-23,^MXX,38728.76953125,38989.03125,38559.4296875,38707.71875,135919800,38707.71875
2020-10-26,^MXX,38718.83984375,38718.83984375,38125.30078125,38245.859375,88901800,38245.859375
2020-10-27,^MXX,38208.7890625,38244.30859375,37923.62890625,38001.30859375,153207500,38001.30859375
2020-10-28,^MXX,37811.91015625,37871.5390625,36984.28125,37393.7109375,166811700,37393.7109375
2020-10-29,^MXX,37404.69140625,37409.390625,36706.328125,36801.37109375,124235400,36801.37109375
2020-10-30,^MXX,36691.01171875,37062.76953125,36662.12109375,36987.859375,266462300,36987.859375
2020-11-03,^MXX,37123.171875,37632.03125,36885.80859375,37466.08984375,168988500,37466.08984375
2020-11-04,^MXX,37582.1484375,37920.83984375,37408.5,37475.76171875,116323000,37475.76171875
2020-11-05,^MXX,37621.78125,38426.328125,37503.48046875,38399.0703125,175333100,38399.0703125
2020-11-06,^MXX,38401.6015625,38734.66015625,38356.12890625,38530.5,160753700,38530.5
2020-11-09,^MXX,39085.671875,40228.73046875,39085.671875,39652.51953125,261910500,39652.51953125
2020-11-10,^MXX,39731.87890625,40499.328125,39705.1796875,40404.578125,248709500,40404.578125
2020-11-11,^MXX,40502.16015625,40980.2890625,40502.16015625,40858.94921875,218303100,40858.94921875
2020-11-12,^MXX,40780.078125,40927.69140625,40241.44140625,40335.94921875,133961100,40335.94921875
2020-11-13,^MXX,40464.640625,40848.76953125,40179.48046875,40791.80859375,130010200,40791.80859375
2020-11-17,^MXX,40944.30078125,42027.37890625,40944.30078125,41948.7890625,283566600,41948.7890625
2020-11-18,^MXX,42040.80859375,42661.5,41744.05859375,42252.609375,212897900,42252.609375
2020-11-19,^MXX,42235.78125,42235.78125,41607.87109375,41868.8203125,199706900,41868.8203125
2020-11-20,^MXX,41934.12890625,42153.140625,41775.98828125,41905.05859375,119931900,41905.05859375
2020-11-23,^MXX,41978.62890625,42391.73046875,41871.66015625,42267.19921875,124783600,42267.19921875
2020-11-24,^MXX,42386.6015625,42918.46875,42347.44921875,42736.48046875,220161700,42736.48046875
2020-11-25,^MXX,42755.0703125,42755.0703125,42157.87890625,42200.58984375,165257500,42200.58984375
2020-11-26,^MXX,42121.62109375,42493.4609375,41904.328125,42412.46875,102061300,42412.46875
2020-11-27,^MXX,42527.33984375,42546.46875,41594.80859375,41674.30078125,91401900,41674.30078125
2020-11-30,^MXX,41693.80859375,41846.828125,41439.359375,41778.87109375,800216100,41778.87109375
2020-12-01,^MXX,41987.4296875,43204.1015625,41902.76953125,42895.62890625,224469600,42895.62890625
2020-12-02,^MXX,43010.48046875,43730.9609375,42956.73046875,43674.828125,174294200,43674.828125
2020-12-03,^MXX,43512.26953125,44013.109375,43477.66015625,43934.2109375,175436600,43934.2109375
2020-12-04,^MXX,44060.30859375,44606.30859375,43586.421875,43646.03125,181383000,43646.03125
2020-12-07,^MXX,43695.890625,43745.1796875,43058.44921875,43255.25,138348100,43255.25
2020-12-08,^MXX,43221.6484375,43625.9609375,42890.94921875,43098.640625,195805600,43098.640625
2020-12-09,^MXX,43134.94921875,43160.421875,42651.58984375,42736.9609375,150237200,42736.9609375
2020-12-10,^MXX,42931.80859375,43686.73046875,42853.75,43518.7109375,179638100,43518.7109375
2020-12-11,^MXX,43576.03125,43793.171875,43256.46875,43612.30859375,184977700,43612.30859375
2020-12-14,^MXX,43735.640625,43806.828125,43243.51953125,43569.83984375,233288900,43569.83984375
2020-12-15,^MXX,43619.98046875,44020.73828125,43496.05859375,43543.3515625,214805000,43543.3515625
2020-12-16,^MXX,43618.3515625,43917.8515625,43583.828125,43790.421875,286997500,43790.421875
2020-12-17,^MXX,43798.05859375,44581.23046875,43761.5703125,44326.05078125,313831200,44326.05078125
2020-12-18,^MXX,44428.3515625,44741.23828125,43343.921875,43873.80859375,666074900,43873.80859375
2020-12-21,^MXX,43587.58984375,43660.28125,43136.421875,43246.23828125,126314800,43246.23828125
2020-12-22,^MXX,43317.30078125,43373.83984375,42576.421875,42601.7109375,100170800,42601.7109375
2020-12-23,^MXX,42687.26171875,43697.37890625,42620.328125,43597.30078125,119034900,43597.30078125
2020-12-24,^MXX,43628.83984375,43643.0703125,43304.26953125,43372.19921875,45207600,43372.19921875
2020-12-28,^MXX,43509,43958.6015625,43509,43883.41015625,55446300,43883.41015625
2020-12-29,^MXX,43917.19140625,44739.98828125,43870.359375,44693.98828125,95876700,44693.98828125
2020-12-30,^MXX,44792.05078125,45364.5703125,44573.671875,44693.9609375,82856500,44693.9609375
2020-12-31,^MXX,44642.2890625,44650.921875,44016.58984375,44066.87890625,55365200,44066.87890625
2021-01-04,^MXX,44200.0390625,45299.01171875,44186.9609375,44703,87067500,44703
2021-01-05,^MXX,44751.76953125,44947.5390625,44485.671875,44908.12109375,164420500,44908.12109375
2021-01-06,^MXX,45204.55859375,46251.05078125,45158.98046875,45587.16015625,240344800,45587.16015625
2021-01-07,^MXX,45877.44921875,46271.98828125,45797.30078125,46188.66015625,221127900,46188.66015625
2021-01-08,^MXX,46236.5703125,46925.05859375,46179.25,46729.30078125,346659500,46729.30078125
2021-01-11,^MXX,46661.828125,46664.66015625,46038.3984375,46395.3203125,180062200,46395.3203125
2021-01-12,^MXX,46448.71875,46658.55078125,45854.859375,45951.76953125,201068500,45951.76953125
2021-01-13,^MXX,46048.01171875,46085.53125,45491.76171875,45740.1484375,180414700,45740.1484375
2021-01-14,^MXX,45821.23828125,46251.390625,45609.33984375,46070.91015625,194114500,46070.91015625
2021-01-15,^MXX,46093.98828125,46093.98828125,45686.25,45892.28125,153123700,45892.28125
2021-01-18,^MXX,45878.37890625,46532.16015625,45878.359375,46458.01953125,49419000,46458.01953125
2021-01-19,^MXX,46581.9609375,46599.62109375,45415.328125,45495.41015625,211311800,45495.41015625
2021-01-20,^MXX,45726.98828125,45726.98828125,44875.26171875,45125.7109375,222455000,45125.7109375
2021-01-21,^MXX,45330.98828125,45428.7109375,44727.3203125,44810.2109375,204102900,44810.2109375
2021-01-22,^MXX,44756.62890625,44811.69140625,44119.578125,44683.55078125,153347700,44683.55078125
2021-01-25,^MXX,44850.12890625,45203.7890625,44028.8515625,45126.51171875,168987800,45126.51171875
2021-01-26,^MXX,45066.3984375,45114.37890625,44483.8984375,45053.55859375,224492100,45053.55859375
2021-01-27,^MXX,44733.8203125,44759.7109375,43922.98828125,44262.01171875,247130000,44262.01171875
2021-01-28,^MXX,44365.2890625,44578.609375,43914.890625,44280.73046875,192065600,44280.73046875
2021-01-29,^MXX,44122.6015625,44211.37109375,42900.9609375,42985.73046875,401821000,42985.73046875
2021-02-02,^MXX,43152.30859375,44435.69140625,43152.30859375,43848.921875,378546500,43848.921875
2021-02-03,^MXX,43954.7109375,44122.21875,43521.26953125,43957.0703125,818164800,43957.0703125
2021-02-04,^MXX,44012.7890625,44334.94921875,43936.19140625,44167.578125,233341500,44167.578125
2021-02-05,^MXX,44239.12890625,44636.8203125,44081.7109375,44145.69921875,124370000,44145.69921875
2021-02-08,^MXX,44199.37890625,44440.73046875,44015.69921875,44197.51171875,167093800,44197.51171875
2021-02-09,^MXX,44225.26171875,45103.30859375,44214.5390625,45020.9609375,176810900,45020.9609375
2021-02-10,^MXX,45180.671875,45235.53125,44651.87890625,44718.23046875,155706400,44718.23046875
2021-02-11,^MXX,44750.23046875,45074.46875,43968.87109375,44060.08984375,182011300,44060.08984375
2021-02-12,^MXX,44088.5,44239.7890625,43923.87109375,44202.51953125,119778500,44202.51953125
2021-02-15,^MXX,44228.109375,44303.96875,44073.48046875,44157.48828125,18282500,44157.48828125
2021-02-16,^MXX,44325.3203125,44836.859375,44325.3203125,44698.58984375,140771100,44698.58984375
2021-02-17,^MXX,44667.05078125,45175.3203125,44533.46875,45061.94921875,217832900,45061.94921875
2021-02-18,^MXX,44968.1796875,44991.21875,44430.9609375,44507.94921875,272232300,44507.94921875
2021-02-19,^MXX,44686.7890625,45116.109375,44633.390625,44900.078125,172848900,44900.078125
2021-02-22,^MXX,44988.3984375,45233.3203125,44743.359375,44946.6015625,243609100,44946.6015625
2021-02-23,^MXX,44794.80078125,45599.01171875,44397,45268.328125,196669900,45268.328125
2021-02-24,^MXX,45278.05078125,45445.5703125,44972.19921875,45151.37890625,200388200,45151.37890625
2021-02-25,^MXX,45306.390625,45738.1484375,44232.421875,44310.26953125,270064300,44310.26953125
2021-02-26,^MXX,44305.19921875,44670.6796875,44089.3203125,44592.91015625,396111700,44592.91015625
2021-03-01,^MXX,44787.66015625,45243.33984375,44614.6796875,44784.578125,150723600,44784.578125
2021-03-02,^MXX,44766.78125,45818.94921875,44750.8515625,45682.19140625,178031600,45682.19140625
2021-03-03,^MXX,45873.7109375,46480.73046875,45706.94140625,46377.46875,225885700,46377.46875
2021-03-04,^MXX,46366.48828125,46689.4609375,45932.8203125,46004.19140625,228834000,46004.19140625
2021-03-05,^MXX,46265.8515625,46708.78125,45994.44140625,46342.5390625,207373600,46342.5390625
2021-03-08,^MXX,46365.94921875,47297.328125,46295.53125,47075.41015625,211292600,47075.41015625
2021-03-09,^MXX,47169.80078125,47396.33984375,46904.8515625,47103.6015625,216279500,47103.6015625
2021-03-10,^MXX,47169.7109375,47619.16015625,46943.19921875,47549.671875,168621800,47549.671875
2021-03-11,^MXX,47567.1796875,47900.421875,47543.859375,47673.8203125,166637900,47673.8203125
2021-03-12,^MXX,47574.5,47987.23046875,47478.4296875,47769.87109375,168348900,47769.87109375
2021-03-16,^MXX,47778.7109375,48251.73046875,47427.7109375,48203.94921875,2152200,48203.94921875
2021-03-17,^MXX,48204.03125,48314.23828125,47627.41015625,47679.48828125,1431500,47679.48828125
2021-03-18,^MXX,47799.1484375,47928.69921875,47535.921875,47572.390625,131592500,47572.390625
2021-03-19,^MXX,47422.25,47654.12890625,46932.671875,47028.0390625,704660100,47028.0390625
2021-03-22,^MXX,47123.109375,47567.62109375,47009.6015625,47225.44140625,122860600,47225.44140625
2021-03-23,^MXX,47309.23828125,47309.23828125,46603.51953125,46659.1796875,151281300,46659.1796875
2021-03-24,^MXX,46755.87109375,46928.4609375,46559.37109375,46703.140625,148714600,46703.140625
2021-03-25,^MXX,46524.55859375,47062.640625,46372.8984375,47012.37109375,178236100,47012.37109375
2021-03-26,^MXX,47354.21875,47490.078125,46628.01953125,47379.19140625,149907400,47379.19140625
2021-03-29,^MXX,47430.78125,47790.12109375,47141.5703125,47747.359375,161957000,47747.359375
2021-03-30,^MXX,47736.98828125,47936.5703125,47327.23046875,47905,141892600,47905
2021-03-31,^MXX,47838.2890625,47865.05078125,47030.76171875,47246.26171875,258737600,47246.26171875
2021-04-05,^MXX,47575.609375,48335.51953125,47487.51953125,48245.8515625,120250200,48245.8515625
2021-04-06,^MXX,48238.671875,48238.671875,47876.08984375,47985.4296875,106725000,47985.4296875
2021-04-07,^MXX,47571.55078125,48053.16015625,47478.62109375,47897.83984375,166002400,47897.83984375
2021-04-08,^MXX,47853.55859375,48315.3203125,47756.98046875,48188.1484375,148442300,48188.1484375
2021-04-09,^MXX,48185.078125,48253.12109375,47588.9296875,47627.671875,138001200,47627.671875
2021-04-12,^MXX,47576.3203125,47754.51953125,47253.4609375,47352.1796875,116556700,47352.1796875
2021-04-13,^MXX,47356.83984375,47544.19140625,47138.33984375,47503.7109375,171055700,47503.7109375
2021-04-14,^MXX,47949.1484375,48380.75,47848.66015625,48329.83984375,148201400,48329.83984375
2021-04-15,^MXX,48322.98046875,48685.44140625,48195.30859375,48514.1015625,160703400,48514.1015625
2021-04-16,^MXX,48513.33984375,48947.19140625,48412.44140625,48726.98046875,129972900,48726.98046875
2021-04-19,^MXX,48712.01953125,48759.76171875,48029.7109375,48072.62109375,114200400,48072.62109375
2021-04-20,^MXX,48073.44140625,48559.171875,47877.7109375,48528.96875,150164800,48528.96875
2021-04-21,^MXX,48476.609375,49021.62890625,48476.609375,48867.62109375,144621700,48867.62109375
2021-04-22,^MXX,48961.05078125,49161.19140625,48663.53125,49092.30859375,187482600,49092.30859375
2021-04-23,^MXX,49087.0390625,49226.26171875,48760.2109375,49091.08984375,155930600,49091.08984375
2021-04-26,^MXX,49188,49313.3203125,48862.421875,48923.9296875,125390100,48923.9296875
2021-04-27,^MXX,49115.078125,49399.62109375,48744.87109375,48812.171875,157373800,48812.171875
2021-04-28,^MXX,48840.921875,48988.1796875,48432.5703125,48487.94140625,115918500,48487.94140625
2021-04-29,^MXX,48799.87109375,49364.37890625,48714.0703125,48897.7890625,171030900,48897.7890625
2021-04-30,^MXX,48671.26953125,48911.8984375,47924.1015625,48009.71875,238308000,48009.71875
2021-05-03,^MXX,48191.6796875,48585.48828125,48191.6796875,48498.640625,91968600,48498.640625
2021-05-04,^MXX,48498.71875,48528.390625,48089.5703125,48328.19921875,141953800,48328.19921875
2021-05-05,^MXX,48366.26953125,48723.80078125,48341.37109375,48399.80078125,114072200,48399.80078125
2021-05-06,^MXX,48570.640625,49006.26953125,48456.37890625,48934.91015625,241871300,48934.91015625
2021-05-07,^MXX,48988.671875,49440.87890625,48894.828125,49249.01953125,123993500,49249.01953125
2021-05-10,^MXX,49295.9609375,50124.6015625,49295.9609375,49867.1484375,118903200,49867.1484375
2021-05-11,^MXX,49542.78125,49704.62109375,49226.23046875,49655.2890625,118784100,49655.2890625
2021-05-12,^MXX,49675.578125,49675.578125,48707.578125,48748.41015625,122382500,48748.41015625
2021-05-13,^MXX,48906.1015625,49179.1015625,48704.23828125,48829.30859375,123511700,48829.30859375
2021-05-14,^MXX,48829.58984375,49365.62109375,48829.58984375,49219.26171875,91084600,49219.26171875
2021-05-17,^MXX,49223.359375,49401.5703125,49049.828125,49371.98046875,107674600,49371.98046875
2021-05-18,^MXX,49500.19140625,49973.828125,49486.91015625,49789.30859375,150170300,49789.30859375
2021-05-19,^MXX,49563.58984375,49563.58984375,48906.3203125,49382.25,141399100,49382.25
2021-05-20,^MXX,49604.96875,49980.4609375,49160.05859375,49907.359375,281425100,49907.359375
2021-05-21,^MXX,49975.9609375,49997.8203125,49376.53125,49778.80859375,89459300,49778.80859375
2021-05-24,^MXX,49847.30078125,49853.76953125,49352.0703125,49457.9296875,70692000,49457.9296875
2021-05-25,^MXX,49450.19921875,49515.171875,48781.828125,48826.94921875,113002700,48826.94921875
2021-05-26,^MXX,48931.69140625,49254.609375,48907.6796875,49103.5,142775700,49103.5
2021-05-27,^MXX,49188.01953125,49727.80078125,49148.05859375,49627.94921875,487953200,49627.94921875
2021-05-28,^MXX,49784.98828125,50111.66015625,49411.0390625,50040.73828125,125683000,50040.73828125
2021-05-31,^MXX,50023.390625,51066.859375,49952.80078125,50885.94921875,56300100,50885.94921875
2021-06-01,^MXX,50943.23828125,51037.421875,50603.26171875,50722.3515625,155835500,50722.3515625
2021-06-02,^MXX,50762.4609375,51077.2890625,50666.9609375,50749.640625,166555600,50749.640625
2021-06-03,^MXX,50716.01953125,50768.30078125,50249.109375,50628.76953125,150542500,50628.76953125
2021-06-04,^MXX,50629.3203125,50683.4609375,50222.91015625,50484.3515625,115113400,50484.3515625
2021-06-07,^MXX,50500.9609375,51705.23046875,50493.73828125,51427.640625,155900000,51427.640625
2021-06-08,^MXX,51391.51953125,51391.51953125,50703.9609375,50865.2109375,144818900,50865.2109375
2021-06-09,^MXX,50853.19921875,50975.578125,50670.3203125,50823.30078125,121780500,50823.30078125
2021-06-10,^MXX,50938.640625,51194.83984375,50782.62109375,50886.328125,97691100,50886.328125
2021-06-11,^MXX,51052.8984375,51434.75,50948.890625,51286.4609375,105546200,51286.4609375
2021-06-14,^MXX,51293.62109375,51322.62109375,50982.51953125,51029.5390625,84788000,51029.5390625
2021-06-15,^MXX,51092.73828125,51097.19921875,50807.58984375,50908.1796875,145221100,50908.1796875
2021-06-16,^MXX,50944.12890625,50951.76953125,50419.1015625,50579.1015625,143164200,50579.1015625
2021-06-17,^MXX,50599.94140625,50952.3203125,49995.078125,50202.80078125,178430900,50202.80078125
2021-06-18,^MXX,50121.08984375,50522.109375,49848.05078125,50319.5703125,420633700,50319.5703125
2021-06-21,^MXX,50320.12890625,50447.3203125,50107.05859375,50315.69140625,89256100,50315.69140625
2021-06-22,^MXX,50391.1796875,50437.75,49832.109375,50129.87890625,99972900,50129.87890625
2021-06-23,^MXX,50164.078125,50531.76171875,50044.390625,50170.78125,141137000,50170.78125
2021-06-24,^MXX,50316.671875,50682.12890625,50040.73828125,50558.3203125,162838200,50558.3203125
2021-06-25,^MXX,50496.859375,50690.12109375,50434.5390625,50549.859375,116876100,50549.859375
2021-06-28,^MXX,50568.33984375,50677.5703125,50103.75,50351.2109375,86499200,50351.2109375
2021-06-29,^MXX,50326,50444.62109375,50156.12890625,50337.359375,154947000,50337.359375
2021-06-30,^MXX,50350.6484375,50469.98828125,50020.23046875,50289.75,147098800,50289.75
2021-07-01,^MXX,50244.01953125,50541.8515625,50118.80859375,50376.890625,108643200,50376.890625
2021-07-02,^MXX,50351.26953125,50360.4609375,50162.71875,50223.01171875,88286200,50223.01171875
2021-07-05,^MXX,50239.28125,50609.3984375,50239.28125,50552.80078125,20040000,50552.80078125
2021-07-06,^MXX,50598.76171875,50598.76171875,49643.9609375,50048.890625,121858900,50048.890625
2021-07-07,^MXX,50129.01171875,50219.4609375,49757.94140625,50052.91015625,124804600,50052.91015625
2021-07-08,^MXX,49791.51171875,49791.51171875,49355.12890625,49570.87109375,144305200,49570.87109375
2021-07-09,^MXX,49524.890625,49994.5,49524.890625,49768.3515625,81984500,49768.3515625
2021-07-12,^MXX,49743.44921875,49878.44140625,49516.3984375,49789.12109375,76648400,49789.12109375
2021-07-13,^MXX,49848.76171875,49892.26953125,49074.73046875,49274.96875,91260500,49274.96875
2021-07-14,^MXX,49424.109375,49520.421875,49177.01171875,49435.87890625,164546700,49435.87890625
2021-07-15,^MXX,49527.1796875,50429.8984375,49494.8984375,50274.8515625,131898000,50274.8515625
2021-07-16,^MXX,50226.671875,50243.80078125,49780.3203125,50148.12890625,102484000,50148.12890625
2021-07-19,^MXX,49960.78125,49960.78125,48598.08984375,49096.46875,132901500,49096.46875
2021-07-20,^MXX,49208.44140625,49546.30078125,49136.6484375,49256.96875,96872600,49256.96875
2021-07-21,^MXX,49249.5,50113.98828125,49249.5,50035.171875,93416700,50035.171875
2021-07-22,^MXX,50081.4609375,50340.1484375,49861.69140625,50240.51171875,108111900,50240.51171875
2021-07-23,^MXX,50324.5703125,50397.109375,50098.55859375,50268.44921875,59065400,50268.44921875
2021-07-26,^MXX,50317.5703125,51140.3515625,50290.83984375,50897.7890625,104723700,50897.7890625
2021-07-27,^MXX,50926.171875,51041.12109375,50606.12890625,50910.53125,144956000,50910.53125
2021-07-28,^MXX,50949.96875,51366.96875,50890.44921875,51344.109375,118638300,51344.109375
2021-07-29,^MXX,51393.26171875,51856.6796875,51282.66015625,51634.6015625,176416800,51634.6015625
2021-07-30,^MXX,51516.66015625,51516.66015625,50783.44921875,50868.3203125,195832800,50868.3203125
2021-08-02,^MXX,50983.80078125,51306.3515625,50795.8984375,50869.48046875,121946900,50869.48046875
2021-08-03,^MXX,50872.26171875,51695.23046875,50669.76953125,51633.91015625,175698100,51633.91015625
2021-08-04,^MXX,51611.28125,51612.53125,50982.2890625,51195.4296875,128723600,51195.4296875
2021-08-05,^MXX,51224.171875,51441.55078125,50977.62890625,51134.9296875,126826300,51134.9296875
2021-08-06,^MXX,51028.76171875,51392.7109375,51018.83984375,51113.8515625,118829900,51113.8515625
2021-08-09,^MXX,51085.94921875,51131.19921875,50806.23828125,50900.4609375,117862700,50900.4609375
2021-08-10,^MXX,50988.26953125,51263.48828125,50817.7890625,51114.16015625,109661500,51114.16015625
2021-08-11,^MXX,51192.91015625,51399.80078125,51068.03125,51311.6015625,122163000,51311.6015625
2021-08-12,^MXX,51292.83984375,51293.05078125,51000.12109375,51049.69140625,126606700,51049.69140625
2021-08-13,^MXX,51103.5703125,51529.0703125,51022.76953125,51490.94140625,100725100,51490.94140625
2021-08-16,^MXX,51380.05078125,51563.671875,51094.73046875,51384.91015625,88687600,51384.91015625
2021-08-17,^MXX,51413.62890625,51634.48046875,51177.55859375,51576.578125,208406000,51576.578125
2021-08-18,^MXX,51592.37890625,52082.5390625,51350.171875,51986.078125,194605400,51986.078125
2021-08-19,^MXX,51809.98828125,51809.98828125,50776.98828125,51099.359375,155079600,51099.359375
2021-08-20,^MXX,51256.25,51593.33984375,50985.80078125,51414.3203125,127164900,51414.3203125
2021-08-23,^MXX,51429.8984375,52227.91015625,51429.8984375,52054.640625,112278800,52054.640625
2021-08-24,^MXX,52022.73046875,52360.98828125,51895.28125,51985,136483500,51985
2021-08-25,^MXX,52193.71875,52381.390625,51946.51171875,52345.390625,123767400,52345.390625
2021-08-26,^MXX,52284.26171875,52420.05859375,51944.5,52290.69140625,154050900,52290.69140625
2021-08-27,^MXX,52492.12890625,52492.12890625,52188.921875,52425.640625,124318800,52425.640625
2021-08-30,^MXX,52431.05078125,52680.5,52127.3203125,52602.0703125,107082500,52602.0703125
2021-08-31,^MXX,52631.328125,53375.890625,52618.46875,53304.73828125,329112800,53304.73828125
2021-09-01,^MXX,53400.26953125,53400.26953125,52131.19921875,52215.5390625,147255900,52215.5390625
2021-09-02,^MXX,52196.98046875,52261.41015625,51939.1484375,52087.46875,115079200,52087.46875
2021-09-03,^MXX,52172.94140625,52205.94921875,51738.8515625,51835.08984375,97441400,51835.08984375
2021-09-06,^MXX,51829.94921875,52367.51953125,51769.53125,52283.109375,20470300,52283.109375
2021-09-07,^MXX,52289.73046875,52289.80859375,51791.640625,51950.44921875,115536800,51950.44921875
2021-09-08,^MXX,51865.48046875,51865.48046875,51378.671875,51469.71875,131633000,51469.71875
2021-09-09,^MXX,51461.26171875,51508.73046875,51193.671875,51395.05859375,132670200,51395.05859375
2021-09-10,^MXX,51511.19921875,51786.71875,51441,51521.80078125,100823300,51521.80078125
2021-09-13,^MXX,51556.828125,52047.3515625,51428.8203125,51496.7109375,108932900,51496.7109375
2021-09-14,^MXX,51507.76171875,51951.76171875,51297.19921875,51815.171875,166224100,51815.171875
2021-09-15,^MXX,51793.578125,52238.5,51782.8984375,52192.328125,174574100,52192.328125
2021-09-17,^MXX,52195.2109375,52195.2109375,51266.33984375,51307.7109375,598584300,51307.7109375
2021-09-20,^MXX,51264.30078125,51264.30078125,50402.921875,50557.6484375,150617700,50557.6484375
2021-09-21,^MXX,50687.4609375,50950.37890625,50491.2890625,50828.12890625,143968300,50828.12890625
2021-09-22,^MXX,50879.62890625,51577.55859375,50852.03125,51338.33984375,134806300,51338.33984375
2021-09-23,^MXX,51342.12890625,51590.69921875,51306.94140625,51464.26953125,180099100,51464.26953125
2021-09-24,^MXX,51378.921875,51426.33984375,51036.4609375,51105.7109375,111610200,51105.7109375
2021-09-27,^MXX,51124.421875,51690.94921875,51047.94140625,51598.53125,132819900,51598.53125
2021-09-28,^MXX,51609.5390625,51616.9296875,50877.21875,50925.51953125,169423900,50925.51953125
2021-09-29,^MXX,50994.359375,51287.87890625,50782.30078125,51084.609375,199580000,51084.609375
2021-09-30,^MXX,51189.91015625,51409.390625,50963.828125,51385.55078125,196392600,51385.55078125
2021-10-01,^MXX,51376.69140625,51387.25,50850.6484375,51060.05078125,128083100,51060.05078125
2021-10-04,^MXX,51066.23828125,51401.890625,50757.859375,50862.94140625,95816200,50862.94140625
2021-10-05,^MXX,50904.9609375,51078.8515625,50810.828125,51056.94140625,144501500,51056.94140625
2021-10-06,^MXX,50994.421875,51020.01171875,50558.16015625,50974.48828125,152504600,50974.48828125
2021-10-07,^MXX,51085.859375,51453.5390625,50838.96875,50876.98046875,217620300,50876.98046875
2021-10-08,^MXX,50899.33984375,51398.44921875,50852.6484375,51136.62109375,124815100,51136.62109375
2021-10-11,^MXX,51134.6015625,51801.46875,51134.6015625,51646.75,98687800,51646.75
2021-10-12,^MXX,51755.23046875,52068.859375,51690.48046875,51835.87890625,124395700,51835.87890625
2021-10-13,^MXX,51917.7109375,51991.0703125,51518.2109375,51812.87109375,179795700,51812.87109375
2021-10-14,^MXX,51929.75,52302.078125,51929.75,52140.23828125,169512300,52140.23828125
2021-10-15,^MXX,52240.94140625,52849.87890625,52240.94140625,52798.37890625,172591700,52798.37890625
2021-10-18,^MXX,52834.7109375,52942.26171875,52538.12109375,52686.03125,127994100,52686.03125
2021-10-19,^MXX,52672.4609375,52733.609375,52242.73046875,52402.73046875,127364900,52402.73046875
2021-10-20,^MXX,52336.62890625,52688.21875,52234.78125,52298.19921875,130915600,52298.19921875
2021-10-21,^MXX,52236.1015625,52252.390625,51521.94140625,52020.05078125,170061400,52020.05078125
2021-10-22,^MXX,51970.578125,52250.55078125,51737.390625,51889.66015625,142807500,51889.66015625
2021-10-25,^MXX,51892.3203125,52144.96875,51655.9609375,51833.80078125,123948700,51833.80078125
2021-10-26,^MXX,52051.62890625,52244.71875,51885.62890625,52206.58984375,138935500,52206.58984375
2021-10-27,^MXX,52189.609375,52194.23046875,51648.859375,51714.6015625,118290800,51714.6015625
2021-10-28,^MXX,51762,51767.421875,51200.3984375,51248.83984375,151378500,51248.83984375
2021-10-29,^MXX,51193.83984375,51503.578125,50997.109375,51309.83984375,145758900,51309.83984375
2021-11-01,^MXX,51353.609375,51880.01953125,51353.609375,51653.26171875,91186600,51653.26171875
2021-11-03,^MXX,51648.83984375,51965.51953125,51503.12890625,51876.80859375,203221300,51876.80859375
2021-11-04,^MXX,51838.62890625,51967.41015625,51338.69140625,51873.4609375,182211500,51873.4609375
2021-11-05,^MXX,51907.26953125,52220.3984375,51779.23828125,51977.9609375,197701000,51977.9609375
2021-11-08,^MXX,52000.2109375,52577.328125,51979.51171875,52251.48828125,201344200,52251.48828125
2021-11-09,^MXX,52250.48828125,52340,51778.03125,52114.12109375,183571400,52114.12109375
2021-11-10,^MXX,52153.94140625,52171.25,51590.51953125,51704.3984375,127670700,51704.3984375
2021-11-11,^MXX,51767.80078125,51815.51171875,51514.87890625,51707.01171875,134926600,51707.01171875
2021-11-12,^MXX,51739.87890625,51937.37109375,51350.359375,51432.5390625,184078600,51432.5390625
2021-11-16,^MXX,51422.12890625,51585.640625,51000.91015625,51161.5,211551200,51161.5
2021-11-17,^MXX,51197.98046875,51210.83984375,50678.33984375,51045.1015625,134527900,51045.1015625
2021-11-18,^MXX,51134.91015625,51243.96875,50552.44921875,50831.94921875,162724400,50831.94921875
2021-11-19,^MXX,50724.2890625,50891.390625,50535.109375,50811.30078125,143936400,50811.30078125
2021-11-22,^MXX,50864.01171875,50945.890625,50407.28125,50497.078125,136095800,50497.078125
2021-11-23,^MXX,50447.828125,51182.78125,50437.76953125,51116.3203125,150734000,51116.3203125
2021-11-24,^MXX,51157.05859375,51236.578125,50639.4296875,50848.03125,181050100,50848.03125
2021-11-25,^MXX,50838.2109375,50887.87890625,50580.48828125,50625,52596300,50625
2021-11-26,^MXX,50480.5,50480.5,49064.671875,49492.51953125,170088800,49492.51953125
2021-11-29,^MXX,49520.30078125,49875.69140625,49268.76953125,49796.30078125,242967200,49796.30078125
2021-11-30,^MXX,49623.3984375,49873.859375,49116.94140625,49698.71875,840279400,49698.71875
2021-12-01,^MXX,49879.76171875,50752.12109375,49869.01171875,50007.16015625,223344700,50007.16015625
2021-12-02,^MXX,50032.21875,50956.1484375,49900.80078125,50927.37890625,159026600,50927.37890625
2021-12-03,^MXX,50870.66015625,51413.05859375,50528.8984375,50597.2890625,181641200,50597.2890625
2021-12-06,^MXX,50590.859375,50842.3515625,50445.25,50605.55859375,125368500,50605.55859375
2021-12-07,^MXX,50690.1484375,51009.75,50501.19140625,50918.28125,181685300,50918.28125
2021-12-08,^MXX,50929.26171875,51121,50722.390625,51056.26953125,143869000,51056.26953125
2021-12-09,^MXX,51060.8203125,51305.44140625,50785.19921875,51238.01953125,147693500,51238.01953125
2021-12-10,^MXX,51194.23046875,51240.19140625,50935.6484375,51213.48046875,121603300,51213.48046875
2021-12-13,^MXX,51214.609375,51218.96875,50327.078125,50419.171875,246013200,50419.171875
2021-12-14,^MXX,50401.21875,51481.69921875,50291.01953125,51241.46875,238023800,51241.46875
2021-12-15,^MXX,51141.390625,51291.03125,50728.98828125,51163.66015625,182077000,51163.66015625
2021-12-16,^MXX,51264.55859375,51899.87109375,51147.28125,51384.05859375,142780800,51384.05859375
2021-12-17,^MXX,51296.05859375,52477.828125,51227.19921875,52379.37109375,510546300,52379.37109375
2021-12-20,^MXX,52333.26171875,52333.26171875,51319.55078125,51623.859375,121895900,51623.859375
2021-12-21,^MXX,51916.01953125,52188.41015625,51593.921875,52085.28125,144351900,52085.28125
2021-12-22,^MXX,52146.01171875,52450.8515625,51956.98828125,52403.05078125,113832100,52403.05078125
2021-12-23,^MXX,52413.55859375,52872.73828125,52355.3515625,52650.91015625,96501500,52650.91015625
2021-12-24,^MXX,52615.28125,52901.71875,52548.58984375,52853.37890625,5240400,52853.37890625
2021-12-27,^MXX,52853.66015625,53309.51171875,52558.8515625,53259.55859375,60916800,53259.55859375
2021-12-28,^MXX,53201.69140625,53630.53125,53106.3984375,53238.48046875,84095500,53238.48046875
2021-12-29,^MXX,53223.76171875,53500.3203125,52668.33984375,52748.9296875,57322300,52748.9296875
2021-12-30,^MXX,52809.78125,53253.62109375,52752.73046875,53175.25,83757300,53175.25
2021-12-31,^MXX,53099.76953125,53387.21875,53011.0703125,53272.44140625,48616100,53272.44140625
2022-01-03,^MXX,53278.109375,53603.828125,52901.7109375,52941.01171875,56603700,52941.01171875
2022-01-04,^MXX,53073.078125,53334,52888.73046875,53016.78125,105053500,53016.78125
2022-01-05,^MXX,52927.53125,53253.0703125,52909.7890625,53024.1484375,110514300,53024.1484375
2022-01-06,^MXX,52964.671875,53145.80859375,52768.80859375,53055.30859375,145921900,53055.30859375
2022-01-07,^MXX,53020.12890625,53244.91015625,52896.25,53202.109375,104193500,53202.109375
2022-01-10,^MXX,53202.83984375,53301.94140625,52809.109375,52835.76171875,116966800,52835.76171875
2022-01-11,^MXX,52841.05078125,53121.46875,52740.3515625,53061.921875,167682100,53061.921875
2022-01-12,^MXX,53068.12109375,53991.328125,53068.12109375,53951.140625,161608700,53951.140625
2022-01-13,^MXX,53981.55078125,54102.48828125,53793.75,53930.44921875,172794800,53930.44921875
2022-01-14,^MXX,53824.76953125,53861.7109375,53476.91015625,53744.921875,135837800,53744.921875
2022-01-17,^MXX,53742.37109375,54219.140625,53742.37109375,53973.26953125,34731100,53973.26953125
2022-01-18,^MXX,53985.4609375,53987.62890625,53187.4609375,53232.19921875,141857000,53232.19921875
2022-01-19,^MXX,53239.98828125,53402.44140625,52679.1796875,52823.23046875,159266300,52823.23046875
2022-01-20,^MXX,52826.23046875,53017.390625,52424.69921875,52508.3515625,144882400,52508.3515625
2022-01-21,^MXX,52432.0703125,52432.0703125,51386.6796875,51599.37890625,192929500,51599.37890625
2022-01-24,^MXX,51578.421875,51578.421875,49673.640625,50890.58984375,212713200,50890.58984375
2022-01-25,^MXX,50792,51285.48046875,50006.6484375,51104.390625,220721800,51104.390625
2022-01-26,^MXX,51314.26953125,51507.87890625,50871.6796875,51037.05078125,199201500,51037.05078125
2022-01-27,^MXX,51208.23046875,51282.03125,50408.578125,50466.01953125,203835100,50466.01953125
2022-01-28,^MXX,50522,50919.37890625,50101.9296875,50661.859375,214808200,50661.859375
2022-01-31,^MXX,50670.28125,51569.26171875,50631.62109375,51330.8515625,229565500,51330.8515625
2022-02-01,^MXX,51511.26953125,51856.28125,51290.7890625,51782.671875,138327000,51782.671875
2022-02-02,^MXX,51849.76171875,52120.640625,51766.16015625,52023.26953125,98044700,52023.26953125
2022-02-03,^MXX,51846.44921875,51885.37109375,51099.890625,51145.109375,147091600,51145.109375
2022-02-04,^MXX,51101.23046875,51436.94140625,50850.3203125,51255.30859375,122401900,51255.30859375
2022-02-08,^MXX,51281.26171875,52340.03125,51011.87109375,52294.578125,175285900,52294.578125
2022-02-09,^MXX,52470.73828125,52816.7890625,52314.05078125,52761.91015625,178162400,52761.91015625
2022-02-10,^MXX,52679.94140625,52903.1484375,52371.9296875,52599.578125,256316700,52599.578125
2022-02-11,^MXX,52512.05859375,53630.05078125,52468.03125,53229.26171875,188380600,53229.26171875
2022-02-14,^MXX,53232.26171875,53232.26171875,52161.671875,52334.73046875,218800100,52334.73046875
2022-02-15,^MXX,52430.3515625,53520.23046875,52410.2890625,53210.94140625,189081300,53210.94140625
2022-02-16,^MXX,53188.8984375,53901.91015625,53051.609375,53680.859375,171986900,53680.859375
2022-02-17,^MXX,53613.5390625,53680.2890625,52606.9609375,52712.05859375,147050500,52712.05859375
2022-02-18,^MXX,52723.48828125,52828.51953125,52218.30859375,52281.53125,126987300,52281.53125
2022-02-21,^MXX,52281.53125,52302.421875,51762.05078125,52025.1796875,39446100,52025.1796875
2022-02-22,^MXX,52075.828125,52664.37890625,51928.28125,52600.44921875,186724800,52600.44921875
2022-02-23,^MXX,52610.62890625,52610.62890625,51252.6484375,51362.94921875,259407900,51362.94921875
2022-02-24,^MXX,50727.9296875,51589.96875,50003.08984375,51454.05078125,240722300,51454.05078125
2022-02-25,^MXX,51488.578125,52600.05078125,51439.6484375,52555.6015625,201522500,52555.6015625
2022-02-28,^MXX,52528.7109375,53600.12109375,51990.91015625,53400.609375,951227400,53400.609375
2022-03-01,^MXX,53403.890625,53855.4609375,52880.98046875,53168.8203125,182506700,53168.8203125
2022-03-02,^MXX,53292.94921875,53610.0703125,53059.01171875,53300.66015625,198225700,53300.66015625
2022-03-03,^MXX,53297.7890625,54095.6484375,53235.5703125,53528.01171875,216851700,53528.01171875
2022-03-04,^MXX,53450.5,53450.5,52691.76171875,53322.05078125,226441200,53322.05078125
2022-03-07,^MXX,53354.94140625,53354.94140625,51884.078125,52312.609375,239255300,52312.609375
2022-03-08,^MXX,52393.4609375,53555.91015625,52096.01171875,53288.23046875,266746200,53288.23046875
2022-03-09,^MXX,53202.30078125,54000.03125,53202.30078125,53911.76171875,221895300,53911.76171875
2022-03-10,^MXX,53802.94921875,54019.4296875,53316.01953125,53387.62109375,189252400,53387.62109375
2022-03-11,^MXX,53514.8203125,53806.2109375,53181.6796875,53300.69921875,152584900,53300.69921875
2022-03-14,^MXX,53300.69921875,53300.69921875,52427.578125,52807.62109375,242372000,52807.62109375
2022-03-15,^MXX,52735.69140625,53121.390625,52437.05078125,53010.01171875,324397600,53010.01171875
2022-03-16,^MXX,52997.109375,53939.87890625,52997.109375,53411.87890625,239444000,53411.87890625
2022-03-17,^MXX,53456.48046875,54447.0390625,53277.421875,54364.51171875,186804900,54364.51171875
2022-03-18,^MXX,54413.91015625,55788.87109375,53815.4296875,55467.05859375,770890800,55467.05859375
2022-03-22,^MXX,55468.109375,55902.28125,55205.640625,55722.48046875,244986500,55722.48046875
2022-03-23,^MXX,55634.9609375,55712.8203125,55026.421875,55154.6796875,155675600,55154.6796875
2022-03-24,^MXX,55198.5390625,55907.48828125,54990.0703125,55829.859375,163274100,55829.859375
2022-03-25,^MXX,55833.1484375,55850.828125,55004.37890625,55436.05078125,145206600,55436.05078125
2022-03-28,^MXX,55436.44921875,55779.73046875,55335.859375,55685.140625,122106400,55685.140625
2022-03-29,^MXX,55590.46875,56276.390625,55517.3203125,56111.2109375,244298600,56111.2109375
2022-03-30,^MXX,56129.46875,56174.55859375,55526.96875,55814.98828125,214854100,55814.98828125
2022-03-31,^MXX,55811.3984375,56730.53125,55811.3984375,56536.6796875,226310800,56536.6796875
2022-04-01,^MXX,56530.55859375,57064.16015625,56274.78125,56609.5390625,184368800,56609.5390625
2022-04-04,^MXX,56610.03125,56783.6796875,56181.33984375,56313.2109375,102837400,56313.2109375
2022-04-05,^MXX,56218.23046875,56296.12109375,55395.01171875,55547.2890625,179414900,55547.2890625
2022-04-06,^MXX,55562.96875,55851.26171875,55323,55438.73046875,188733200,55438.73046875
2022-04-07,^MXX,55494.69921875,55646.2890625,55195.51171875,55280.58984375,241694700,55280.58984375
2022-04-08,^MXX,55338.640625,55350.05859375,54591.73046875,54687.25,117204900,54687.25
2022-04-11,^MXX,54678.05078125,54678.05078125,54279.6484375,54463.828125,115515000,54463.828125
2022-04-12,^MXX,54624.30078125,54809.109375,53750.828125,53907.25,186074800,53907.25
2022-04-13,^MXX,53976.8203125,54414.12109375,53697.421875,54172.62109375,102401200,54172.62109375
2022-04-18,^MXX,54172.62109375,54582.7890625,54063.78125,54139.69140625,101327700,54139.69140625
2022-04-19,^MXX,54219.609375,54718.33984375,54175.48046875,54633.76171875,154399600,54633.76171875
2022-04-20,^MXX,54676.05859375,54695.19140625,53771.48828125,53831.0390625,185718700,53831.0390625
2022-04-21,^MXX,53997.671875,54329.3203125,53077.98828125,53267.30859375,154712000,53267.30859375
2022-04-22,^MXX,53258.3203125,53641.01171875,53027.19921875,53191.78125,143319000,53191.78125
2022-04-25,^MXX,53183.12109375,53183.12109375,52509.44921875,52640.828125,183382500,52640.828125
2022-04-26,^MXX,52699.1796875,52894.05078125,52324.66015625,52512.7109375,185412800,52512.7109375
2022-04-27,^MXX,52627.1796875,52807.08984375,52212.640625,52351.2109375,160228000,52351.2109375
2022-04-28,^MXX,52792.51953125,52793.87109375,51658.109375,52614.171875,231710500,52614.171875
2022-04-29,^MXX,52502.5,52809.37890625,51315.0390625,51417.96875,214867600,51417.96875
2022-05-02,^MXX,51426.26953125,51922.7109375,51125.71875,51887.46875,128409600,51887.46875
2022-05-03,^MXX,51896.171875,51896.8515625,50954.98828125,51066.55859375,161134800,51066.55859375
2022-05-04,^MXX,51032.23828125,51565.6015625,50588.921875,51432.62890625,149755900,51432.62890625
2022-05-05,^MXX,51264.609375,51264.609375,50357.55078125,50529.94921875,202483000,50529.94921875
2022-05-06,^MXX,50435.609375,50435.609375,49451.28125,49541.80859375,163382400,49541.80859375
2022-05-09,^MXX,49419.01953125,49419.01953125,48669.2109375,49057.4609375,161518100,49057.4609375
2022-05-10,^MXX,49149.19140625,49435.5390625,49005.01171875,49115.859375,257006900,49115.859375
2022-05-11,^MXX,49087.26171875,49618.3515625,49005.890625,49276.23046875,234792100,49276.23046875
2022-05-12,^MXX,49061.12109375,49732.05078125,48701.25,49309.3203125,249591800,49309.3203125
2022-05-13,^MXX,49486.109375,49726.51953125,49127.2890625,49579.8984375,212868300,49579.8984375
2022-05-16,^MXX,49604.94921875,50823.0390625,49472.51171875,50563.98046875,177674700,50563.98046875
2022-05-17,^MXX,50781.7890625,51634.19140625,50739.66015625,51464.03125,204554800,51464.03125
2022-05-18,^MXX,51390.51953125,51390.51953125,49990.48828125,50394.03125,304797400,50394.03125
2022-05-19,^MXX,50212.98046875,51590.328125,50050.4609375,51289.91015625,238825200,51289.91015625
2022-05-20,^MXX,51512.44921875,51868.44140625,51326.9296875,51518.30078125,202798600,51518.30078125
2022-05-23,^MXX,51621.71875,51989.01953125,51341.19140625,51376.890625,139723000,51376.890625
2022-05-24,^MXX,51149.46875,51374.3984375,50866.1484375,51304.0390625,241737800,51304.0390625
2022-05-25,^MXX,51243.94921875,52082.46875,51216.98828125,51717.0703125,281231100,51717.0703125
2022-05-26,^MXX,52203.69140625,52295.3203125,52058.3203125,52143,183854400,52143
2022-05-27,^MXX,52154.25,52617.30859375,51871.921875,52463.55078125,172807100,52463.55078125
2022-05-30,^MXX,52438.7890625,52745.98046875,51922.46875,52162.078125,83107700,52162.078125
2022-05-31,^MXX,52116.37109375,52290.1796875,51269.51953125,51752.53125,1347137000,51752.53125
2022-06-01,^MXX,51739.87109375,51820.6796875,51309.58984375,51506.1484375,173881500,51506.1484375
2022-06-02,^MXX,51522.1796875,51545.51953125,50641.78125,50971.37890625,193382200,50971.37890625
2022-06-03,^MXX,50874.171875,50919.37890625,50482.8515625,50689.05078125,154569900,50689.05078125
2022-06-06,^MXX,50723.91015625,51029.28125,50014.671875,50060.53125,116109400,50060.53125
2022-06-07,^MXX,49840.71875,50183.8203125,49409.73046875,50139.19921875,138432800,50139.19921875
2022-06-08,^MXX,50088.94140625,50192.359375,49629.03125,49819.30078125,165133200,49819.30078125
2022-06-09,^MXX,49854.73046875,50012.62109375,49229.80859375,49290.21875,154551700,49290.21875
2022-06-10,^MXX,49147.19921875,49147.19921875,48398.78125,48471.51953125,137514100,48471.51953125
2022-06-13,^MXX,48408.19921875,48717.671875,47775.83984375,48445.30078125,251393900,48445.30078125
2022-06-14,^MXX,48557.46875,48677.109375,48083.16015625,48164.46875,191851500,48164.46875
2022-06-15,^MXX,48388.1484375,48610.30078125,48137.6484375,48344.96875,175223100,48344.96875
2022-06-16,^MXX,48202.44921875,48202.44921875,47323.359375,47558.51171875,212049600,47558.51171875
2022-06-17,^MXX,47682.91015625,48156.7109375,47488.30078125,48016.23046875,732174800,48016.23046875
2022-06-20,^MXX,47996.71875,48007.21875,47680.1484375,47780.71875,40474000,47780.71875
2022-06-21,^MXX,47761.48046875,48321.171875,47732.421875,48104.37890625,131257800,48104.37890625
2022-06-22,^MXX,47878.140625,47878.140625,47076.26953125,47144.359375,146701200,47144.359375
2022-06-23,^MXX,47175.6796875,47222.62109375,46547.2109375,46657.87890625,157675800,46657.87890625
2022-06-24,^MXX,46642.41015625,47852.91015625,46344.94140625,47741.5,175537000,47741.5
2022-06-27,^MXX,47781.3515625,48390.859375,47696.421875,48294.828125,124213200,48294.828125
2022-06-28,^MXX,48363.7890625,48796.23046875,48049.8984375,48435.44921875,181975500,48435.44921875
2022-06-29,^MXX,48446.2890625,48532.6796875,47916.8515625,48061.609375,170560000,48061.609375
2022-06-30,^MXX,47918.62890625,47918.62890625,47188.28125,47524.44921875,228806100,47524.44921875
2022-07-01,^MXX,47543.3515625,47910.6796875,47135.1796875,47743.1484375,94921000,47743.1484375
2022-07-04,^MXX,47740.3203125,48584.140625,47705.26953125,48036.37890625,39309500,48036.37890625
2022-07-05,^MXX,47987.58984375,47987.58984375,46940.921875,47503.21875,140760700,47503.21875
2022-07-06,^MXX,47572.94140625,47778.94921875,47292.08984375,47722.2890625,139454100,47722.2890625
2022-07-07,^MXX,47828.33984375,48056.9296875,47311.98046875,47374.37890625,200398800,47374.37890625
2022-07-08,^MXX,47214.7109375,47624.08984375,46927.0703125,47582.109375,120673200,47582.109375
2022-07-11,^MXX,47541.4609375,47572.58984375,47182.8984375,47369.890625,88214700,47369.890625
2022-07-12,^MXX,47310.80078125,47800.359375,47310.80078125,47651.51953125,159926100,47651.51953125
2022-07-13,^MXX,47448.30859375,47706.140625,46882.1484375,47461.3515625,196275800,47461.3515625
2022-07-14,^MXX,47325.5390625,47357.109375,46581.3203125,46741.30859375,149203900,46741.30859375
2022-07-15,^MXX,46819.37890625,47121.12109375,46691.76171875,47075.87109375,83235300,47075.87109375
2022-07-18,^MXX,47198.01171875,47482.75,46855.2109375,46923.19921875,84307500,46923.19921875
2022-07-19,^MXX,47090.23046875,47511.1484375,46805.890625,47259.23046875,123132600,47259.23046875
2022-07-20,^MXX,47213.01953125,47348.421875,46964.390625,47132.48828125,109174900,47132.48828125
2022-07-21,^MXX,47223.1015625,47488.28125,46767.73828125,47416.37109375,118342500,47416.37109375
2022-07-22,^MXX,47477.69140625,47595.7890625,47165.37890625,47264.859375,110077800,47264.859375
2022-07-25,^MXX,47254.55078125,47577.44140625,47154.21875,47202.640625,97196700,47202.640625
2022-07-26,^MXX,47217.37890625,47265.859375,46485.578125,46674.30078125,146328800,46674.30078125
2022-07-27,^MXX,46794.69140625,46919.55859375,46164.26953125,46842.921875,171553400,46842.921875
2022-07-28,^MXX,46846.390625,48174.26953125,46846.390625,48112.26953125,155700600,48112.26953125
2022-07-29,^MXX,48057.7890625,48338.8984375,48017.05859375,48144.328125,231038800,48144.328125
2022-08-01,^MXX,48094.46875,48417.03125,47321.53125,47384.55859375,140579600,47384.55859375
2022-08-02,^MXX,47378.3515625,47429.0390625,46639.109375,46902.69140625,170767900,46902.69140625
2022-08-03,^MXX,46997.328125,47218.05078125,46742.94140625,46989.609375,177168600,46989.609375
2022-08-04,^MXX,47063.01171875,47870.48046875,46528,46916.171875,183020000,46916.171875
2022-08-05,^MXX,46688.19140625,47023.76171875,46283.75,46723.4296875,137289900,46723.4296875
2022-08-08,^MXX,46787.91015625,47422.37109375,46787.91015625,47354.859375,162831900,47354.859375
2022-08-09,^MXX,47148.12890625,47349.44140625,47050.1796875,47241.80859375,141712900,47241.80859375
2022-08-10,^MXX,47349.5703125,48311.921875,47349.5703125,47808.2109375,182307700,47808.2109375
2022-08-11,^MXX,47876.66015625,48536.66015625,47691.078125,48460.55078125,203934500,48460.55078125
2022-08-12,^MXX,48546.98828125,48909.171875,48429.69140625,48853.37109375,119225000,48853.37109375
2022-08-15,^MXX,48770.30859375,48896.1015625,48595.12890625,48638.359375,92224300,48638.359375
2022-08-16,^MXX,48624.94921875,48944.48828125,48537.37890625,48801.6796875,156297900,48801.6796875
2022-08-17,^MXX,48786.30078125,48828.890625,48406.44140625,48734.0390625,128935100,48734.0390625
2022-08-18,^MXX,48796.890625,48796.890625,48270.23046875,48729.80078125,104554100,48729.80078125
2022-08-19,^MXX,48677.98046875,48698.03125,48386.4296875,48463.26171875,92410900,48463.26171875
2022-08-22,^MXX,48366.140625,48464.21875,47842.62109375,48016.609375,123130500,48016.609375
2022-08-23,^MXX,48062.0703125,48180.98046875,47738.859375,47974.03125,135145100,47974.03125
2022-08-24,^MXX,47936.37890625,48133.71875,47393.078125,47449.73046875,109536100,47449.73046875
2022-08-25,^MXX,47449.6796875,47830.58984375,47320.51171875,47724.23828125,109286200,47724.23828125
2022-08-26,^MXX,47711.01953125,47754.3203125,46992.75,47272.109375,87461400,47272.109375
2022-08-29,^MXX,47105.8984375,47105.8984375,46247.28125,46322.1015625,137708400,46322.1015625
2022-08-30,^MXX,46336.96875,46398.46875,45671.2109375,45922.05078125,121982300,45922.05078125
2022-08-31,^MXX,45909.890625,46055.171875,44844.1796875,44919.21875,508029500,44919.21875
2022-09-01,^MXX,44851.23046875,45701.46875,44518.73046875,45383.8515625,176982700,45383.8515625
2022-09-02,^MXX,45811.16015625,46166.5390625,45543.7890625,45888.62890625,135191700,45888.62890625
2022-09-05,^MXX,45905.859375,46087.30859375,45535.62890625,46026.078125,19206900,46026.078125
2022-09-06,^MXX,46084.83984375,46196.98828125,45645.76171875,45902.890625,133687400,45902.890625
2022-09-07,^MXX,45870.98046875,46169.4609375,45482.76953125,46056.96875,153894000,46056.96875
2022-09-08,^MXX,46170.0703125,46381.12109375,45834.3515625,46283.33984375,127710900,46283.33984375
2022-09-09,^MXX,46435.3984375,47072.98828125,46412.05078125,47042.94140625,97818900,47042.94140625
2022-09-12,^MXX,47168.109375,47944.6015625,47124.62109375,47860.48046875,117725700,47860.48046875
2022-09-13,^MXX,47671.98828125,47826.640625,46981.96875,47039.73828125,180099200,47039.73828125
2022-09-14,^MXX,47063.0703125,47236.421875,46709.578125,46745.1484375,167995700,46745.1484375
2022-09-15,^MXX,46742.109375,47027.5,46545.12890625,46769.78125,784062000,46769.78125
2022-09-19,^MXX,46712.12890625,46863.53125,46098.859375,46793.58984375,201318000,46793.58984375
2022-09-20,^MXX,46983.03125,47284.140625,46613.25,47068.53125,220064400,47068.53125
2022-09-21,^MXX,47111.328125,47432.51953125,46906.30859375,46992.51171875,198285100,46992.51171875
2022-09-22,^MXX,46957.62890625,46957.62890625,46154.87109375,46324.921875,139049400,46324.921875
2022-09-23,^MXX,46149.08984375,46151.671875,45069.01953125,45395.94140625,150708000,45395.94140625
2022-09-26,^MXX,45410.859375,45514.5,44740.05078125,44808.55859375,123142600,44808.55859375
2022-09-27,^MXX,44886.44921875,45309.87109375,44811.6484375,45006.109375,130316900,45006.109375
2022-09-28,^MXX,45045.0390625,45826.94921875,44841.51171875,45442.2109375,197478500,45442.2109375
2022-09-29,^MXX,45293.8984375,45626.6015625,44764.26953125,45102.55078125,154766900,45102.55078125
2022-09-30,^MXX,45094.6796875,45300.2890625,44558.80859375,44626.80078125,200732700,44626.80078125
2022-10-03,^MXX,44779.19921875,45501,44686.640625,45429.75,197701400,45429.75
2022-10-04,^MXX,45644.03125,46139.1796875,45553.2890625,46046.578125,178324500,46046.578125
2022-10-05,^MXX,45957.37109375,45957.37109375,45553.55859375,45845.828125,163777800,45845.828125
2022-10-06,^MXX,45853.6796875,46654.91015625,45787.3203125,46326.6796875,185451400,46326.6796875
2022-10-07,^MXX,46176.51953125,46176.51953125,45630.0703125,45728.87109375,152493900,45728.87109375
2022-10-10,^MXX,45688.1484375,46077.08984375,45388.6015625,45457.12109375,98822100,45457.12109375
2022-10-11,^MXX,45418.55859375,46245.01953125,45026.4296875,45792.98828125,177457300,45792.98828125
2022-10-12,^MXX,45759.2890625,46114.28125,45501.73046875,45679.83984375,182445600,45679.83984375
2022-10-13,^MXX,45467.4296875,46074.3984375,45040.421875,45766.94140625,211616800,45766.94140625
2022-10-14,^MXX,45859.01171875,46062.58984375,45380.1796875,45443.3515625,161594500,45443.3515625
2022-10-17,^MXX,45633.30078125,46437.80078125,45616,46220.71875,182073800,46220.71875
2022-10-18,^MXX,46395.19921875,46699.4609375,46116.390625,46309.23046875,218525800,46309.23046875
2022-10-19,^MXX,46306.3203125,46439.01171875,46010.76171875,46217.44140625,180149200,46217.44140625
2022-10-20,^MXX,46299.80859375,46517.33984375,45914.578125,46315.41015625,300035500,46315.41015625
2022-10-21,^MXX,46351.0390625,47172.328125,46306.7109375,47120.078125,185022300,47120.078125
2022-10-24,^MXX,47088.171875,47967.140625,47065.421875,47765.23828125,187700900,47765.23828125
2022-10-25,^MXX,47707.6015625,48682.05859375,47558.73046875,48641.26953125,257303800,48641.26953125
2022-10-26,^MXX,48596.48046875,49408.26953125,48501.55078125,49327.109375,309657400,49327.109375
2022-10-27,^MXX,49293.76953125,49361.578125,48805.41015625,48892.55859375,228084700,48892.55859375
2022-10-28,^MXX,48896.359375,49131.390625,48482.8984375,49086.30078125,130269800,49086.30078125
2022-10-31,^MXX,49110.671875,49990.94140625,48873.171875,49922.30078125,188740200,49922.30078125
2022-11-01,^MXX,50004.421875,50905.671875,50004.421875,50864.8515625,184332800,50864.8515625
2022-11-03,^MXX,50653.87109375,50653.87109375,49431.48046875,50215.87109375,256662200,50215.87109375
2022-11-04,^MXX,50565.16015625,51319.87890625,50530.19921875,51173.75,145797800,51173.75
2022-11-07,^MXX,51166.859375,51547.48046875,50540.03125,50760.171875,174276800,50760.171875
2022-11-08,^MXX,50773.9609375,51093.05078125,50510.83984375,50888.46875,198409900,50888.46875
2022-11-09,^MXX,50822.640625,51232.91015625,50333.12109375,50545.76171875,180419300,50545.76171875
2022-11-10,^MXX,50953.171875,51541.62890625,50839.37109375,51031.7109375,173193500,51031.7109375
2022-11-11,^MXX,51086.48046875,52126.8984375,51086.48046875,51959.19921875,194494200,51959.19921875
2022-11-14,^MXX,51915.62890625,52016.44140625,51565.3515625,51785.12890625,187694100,51785.12890625
2022-11-15,^MXX,51985.33984375,52457.140625,51369.30859375,51655.6796875,151830700,51655.6796875
2022-11-16,^MXX,51526.390625,51710.640625,51362.578125,51544.94140625,174857500,51544.94140625
2022-11-17,^MXX,51377.05078125,51559.41015625,51057.37890625,51360.87109375,145243200,51360.87109375
2022-11-18,^MXX,51468.578125,52040.03125,51326.890625,51569.71875,266751800,51569.71875
2022-11-22,^MXX,51614.16015625,52371.01953125,51579.28125,51760.5390625,221256400,51760.5390625
2022-11-23,^MXX,51710.01953125,52258.73046875,51710.01953125,51993.94921875,161114500,51993.94921875
2022-11-24,^MXX,51990.609375,52245.078125,51714.1796875,51979.01171875,28413500,51979.01171875
2022-11-25,^MXX,51968.3203125,51968.3203125,51289.91015625,51668.640625,74038400,51668.640625
2022-11-28,^MXX,51619.80859375,52120.23046875,51030.8984375,51081.328125,132152000,51081.328125
2022-11-29,^MXX,51044.4296875,51237.91015625,50111.48828125,50174.05859375,164540000,50174.05859375
2022-11-30,^MXX,50200.9296875,51800.359375,50125.80859375,51684.859375,741512300,51684.859375
2022-12-01,^MXX,51649.6015625,51811.171875,51027.578125,51457.55078125,185457400,51457.55078125
2022-12-02,^MXX,51407.9609375,51647.8515625,51030.4296875,51234.37109375,153348400,51234.37109375
2022-12-05,^MXX,51197.73046875,51298.01171875,50715.01171875,50799.4609375,105068700,50799.4609375
2022-12-06,^MXX,50683.1015625,51481.80859375,50494.62890625,51020.6484375,149912000,51020.6484375
2022-12-07,^MXX,51044.03125,51311.3984375,50645.19140625,50725.9609375,141194800,50725.9609375
2022-12-08,^MXX,50721.5,51298.859375,50721.5,51078.69921875,123034000,51078.69921875
2022-12-09,^MXX,51170.62109375,51170.890625,50423.73828125,50466.25,121540600,50466.25
2022-12-13,^MXX,50638.8203125,51084.44140625,50240.44921875,50333.1015625,284653100,50333.1015625
2022-12-14,^MXX,50430.94140625,50452.640625,49781.71875,50047.69921875,170810200,50047.69921875
2022-12-15,^MXX,49972.94921875,49976.48828125,49281.23046875,49342.33984375,278214000,49342.33984375
2022-12-16,^MXX,49361.51171875,49686.7890625,49113.7109375,49630.1484375,377277200,49630.1484375
2022-12-19,^MXX,49694.69140625,50058.30078125,49534.6484375,49946.1015625,96795700,49946.1015625
2022-12-20,^MXX,49978.44921875,50406.5703125,49978.44921875,50139.421875,101775700,50139.421875
2022-12-21,^MXX,50182.328125,50791.37890625,50034.8515625,50426.26171875,96007300,50426.26171875
2022-12-22,^MXX,50455.890625,50518,49648.109375,50097.21875,84251200,50097.21875
2022-12-23,^MXX,50052.48046875,50759.66015625,49864.6484375,50578.08984375,74942400,50578.08984375
2022-12-26,^MXX,50530.62890625,50712.390625,50211.37109375,50273.890625,11411000,50273.890625
2022-12-27,^MXX,50305.69921875,50838.6484375,50277.12109375,50440.01953125,54768700,50440.01953125
2022-12-28,^MXX,50432.78125,50491.08984375,49605.37890625,49648.2109375,73263800,49648.2109375
2022-12-29,^MXX,49708.671875,50209.7890625,49461.51953125,49517.859375,63993800,49517.859375
2022-12-30,^MXX,49524.328125,49619.33984375,48383.19921875,48463.859375,119821400,48463.859375
2023-01-02,^MXX,48506.0390625,49136.94140625,48478.94140625,48993.23828125,10617600,48993.23828125
2023-01-03,^MXX,48970.55078125,49180.19140625,48881.98828125,49050.4609375,64955500,49050.4609375
2023-01-04,^MXX,49013.30859375,50388.609375,48966.12109375,50161.26953125,113054700,50161.26953125
2023-01-05,^MXX,50150.76953125,50971.66015625,50077.71875,50805.2109375,139834800,50805.2109375
2023-01-06,^MXX,50800.83984375,52004.828125,50618.30859375,51730.5,109031000,51730.5
2023-01-09,^MXX,51770.1015625,52460.48046875,51744.83984375,52280.05078125,126915200,52280.05078125
2023-01-10,^MXX,52297.7109375,52564.109375,52180.8515625,52344.01953125,131270700,52344.01953125
2023-01-11,^MXX,52348.44921875,53508.75,52348.44921875,53209,155651700,53209
2023-01-12,^MXX,53228.44921875,53859,53215.51171875,53593.859375,173800900,53593.859375
2023-01-13,^MXX,53564.9296875,53903.8984375,53371.6484375,53576.71875,128172400,53576.71875
2023-01-16,^MXX,53591.87890625,53720.859375,53336.33984375,53631.890625,46998100,53631.890625
2023-01-17,^MXX,53580,53580,52936.91015625,53128.96875,132114900,53128.96875
2023-01-18,^MXX,53256.25,53590.4296875,53150.78125,53218.828125,133000900,53218.828125
2023-01-19,^MXX,53215.41015625,53783.609375,53070.78125,53382.6484375,154775500,53382.6484375
2023-01-20,^MXX,53430.2109375,54112.359375,53201.6796875,53947.0390625,121184400,53947.0390625
2023-01-23,^MXX,53965.28125,54810.94921875,53943,54341.25,115614600,54341.25
2023-01-24,^MXX,54392.66015625,55071.578125,54392.66015625,54870.5,142789100,54870.5
2023-01-25,^MXX,54878.5,54972.1796875,54474.62890625,54871.359375,148445100,54871.359375
2023-01-26,^MXX,54885.71875,55309.62109375,54866.19921875,55164.01171875,131941600,55164.01171875
2023-01-27,^MXX,55188.8515625,55309.96875,54650.609375,54774.91015625,142811800,54774.91015625
2023-01-30,^MXX,54767.41015625,54795.91015625,54400.7890625,54521.4296875,121761800,54521.4296875
2023-01-31,^MXX,54480.51953125,54683.828125,54244.71875,54564.26953125,248463200,54564.26953125
2023-02-01,^MXX,54555.91015625,55072.23046875,54410.37109375,55018.91015625,148364300,55018.91015625
2023-02-02,^MXX,55040.19140625,55173.578125,53733.69921875,53874.91015625,160007000,53874.91015625
2023-02-03,^MXX,53833.73046875,54186.1015625,53737.609375,54049.05078125,183416400,54049.05078125
2023-02-07,^MXX,54001.55859375,54079.48828125,53238.140625,53335.51171875,195440800,53335.51171875
2023-02-08,^MXX,53276.7890625,53566.6484375,52578.03125,53125.01171875,165032900,53125.01171875
2023-02-09,^MXX,53229.6015625,53460.8984375,52684.640625,52801.4296875,134110600,52801.4296875
2023-02-10,^MXX,52850.48828125,52880.671875,52141.140625,52482.01953125,156046900,52482.01953125
2023-02-13,^MXX,52476.2890625,53286.83984375,52473.6796875,53050.828125,145585400,53050.828125
2023-02-14,^MXX,53225.19921875,53395.80078125,52466.078125,52663.12109375,226066600,52663.12109375
2023-02-15,^MXX,52577.8984375,53486.51171875,52463.890625,53422.23828125,202987100,53422.23828125
2023-02-16,^MXX,53536.62890625,54143.609375,53327.0390625,54015.8203125,159906900,54015.8203125
2023-02-17,^MXX,53927.03125,53993.51171875,53483.73828125,53789.640625,151560000,53789.640625
2023-02-20,^MXX,53832.19140625,54006.76953125,53823.33984375,53908.55078125,22508100,53908.55078125
2023-02-21,^MXX,53882.390625,54087.19140625,52960.3203125,53239.94921875,175824900,53239.94921875
2023-02-22,^MXX,53266.9296875,53448.44140625,52820.5,53180.98828125,187947000,53180.98828125
2023-02-23,^MXX,53274.140625,53345.58984375,52789.078125,53085.7109375,184956000,53085.7109375
2023-02-24,^MXX,53055.6796875,53055.6796875,52420.640625,52686.23828125,141885800,52686.23828125
2023-02-27,^MXX,52739.421875,53195.55859375,52599.359375,53013.62109375,129313000,53013.62109375
2023-02-28,^MXX,52964.671875,53048.08984375,52495.859375,52758.05859375,557285900,52758.05859375
2023-03-01,^MXX,52720.3984375,53717.140625,52658.55859375,53473.4609375,160010700,53473.4609375
2023-03-02,^MXX,53503.58984375,53583.4296875,53014.73828125,53329.53125,168720500,53329.53125
2023-03-03,^MXX,53381.21875,54409.37109375,53347.6015625,54182.26953125,179820700,54182.26953125
2023-03-06,^MXX,54146.1015625,54326.109375,53889.69140625,53924.19140625,133175400,53924.19140625
2023-03-07,^MXX,53892.01953125,53902.62109375,53006.44140625,53068.73046875,191127900,53068.73046875
2023-03-08,^MXX,53099.640625,53440.5,53067.3984375,53388.66015625,128080500,53388.66015625
2023-03-09,^MXX,53390.05078125,53740.890625,53287.5,53426.76953125,185544000,53426.76953125
2023-03-10,^MXX,53478.1796875,53507.140625,52716.9609375,52794.53125,159728500,52794.53125
2023-03-13,^MXX,52788.2890625,53615.078125,52227.171875,53012.25,185734500,53012.25
2023-03-14,^MXX,53065.6796875,53486.7109375,52644.23828125,52691.66015625,176792200,52691.66015625
2023-03-15,^MXX,52547.3203125,52689.3984375,51860.328125,52085.6015625,158520400,52085.6015625
2023-03-16,^MXX,52156.19140625,52876.44140625,52113.640625,52505.69921875,152652700,52505.69921875
2023-03-17,^MXX,52505.609375,52656.41015625,51814.6796875,51925.609375,786817800,51925.609375
2023-03-21,^MXX,52282.98046875,52786.6796875,52131.37890625,52652.6484375,156817200,52652.6484375
2023-03-22,^MXX,52670.640625,53019.2109375,52485.37109375,52550.3984375,174005300,52550.3984375
2023-03-23,^MXX,52589.98046875,53089.109375,52556.1796875,52827.9296875,148945100,52827.9296875
2023-03-24,^MXX,52691.03125,52938.25,52415.19140625,52771.12109375,144755400,52771.12109375
2023-03-27,^MXX,52792.75,53080.5390625,52740.78125,52851.421875,154251700,52851.421875
2023-03-28,^MXX,52894.390625,53705.37890625,52807.48046875,53209.1015625,168610900,53209.1015625
2023-03-29,^MXX,53259.37890625,53942.94921875,53202.53125,53882.94921875,179199200,53882.94921875
2023-03-30,^MXX,53878.23828125,54468.5703125,53874.98046875,54198.94140625,186356800,54198.94140625
2023-03-31,^MXX,54233.25,54604.0703125,53828.55859375,53904,242075000,53904
2023-04-03,^MXX,54037.671875,54040.48046875,53611.26953125,53896.3515625,84719200,53896.3515625
2023-04-04,^MXX,53913.1015625,54532.078125,53810.9296875,54176.01171875,97863900,54176.01171875
2023-04-05,^MXX,54171.16015625,54230.66015625,53308.0703125,53498.390625,73152200,53498.390625
2023-04-10,^MXX,53473.7109375,54310.078125,53446.671875,54246.53125,0,54246.53125
2023-04-11,^MXX,53964.23828125,54775.80859375,53964.23828125,54604.62890625,162207200,54604.62890625
2023-04-12,^MXX,54527.03125,54815.91015625,54072.69140625,54333.12109375,152655400,54333.12109375
2023-04-13,^MXX,54359.30859375,54908.53125,54336.30859375,54695.78125,220218800,54695.78125
2023-04-14,^MXX,54748.53125,54862.5390625,54200.3203125,54460.05859375,170784200,54460.05859375
2023-04-17,^MXX,54444.6796875,54858.73046875,54406.08984375,54778.9296875,199028600,54778.9296875
2023-04-18,^MXX,54747.58984375,54924.75,54293.76171875,54385.51953125,153784700,54385.51953125
2023-04-19,^MXX,54300.9609375,54637.41015625,54155.4609375,54308.08984375,191532900,54308.08984375
2023-04-20,^MXX,54311,54674.48046875,54227.30859375,54293.7109375,138852000,54293.7109375
2023-04-21,^MXX,54451.7109375,54468.609375,53662.91015625,54175.28125,172005600,54175.28125
2023-04-24,^MXX,54203.80078125,54745.578125,54089.328125,54713.69921875,136716300,54713.69921875
2023-04-25,^MXX,54569.69140625,54734.12890625,54301.75,54371.08984375,134099200,54371.08984375
2023-04-26,^MXX,54356.359375,54633.96875,53902.05078125,54023.3203125,196553700,54023.3203125
2023-04-27,^MXX,54079.5390625,54501.26171875,54020.609375,54442.171875,159097300,54442.171875
2023-04-28,^MXX,54453.5390625,55178.62109375,54436.51953125,55121.21875,241583200,55121.21875
2023-05-02,^MXX,55059.26171875,55229.37890625,54689.359375,55179.4296875,248185000,55179.4296875
2023-05-03,^MXX,55216.12890625,55323.6484375,54919.7890625,54947.01171875,172724800,54947.01171875
2023-05-04,^MXX,54971.4296875,55264.6015625,54593.05859375,54667.2109375,158878300,54667.2109375
2023-05-05,^MXX,54747.83984375,55047.8515625,54699.58984375,54937.390625,206689500,54937.390625
2023-05-08,^MXX,54989.640625,55265.3984375,54843.21875,55033.12109375,140876800,55033.12109375
2023-05-09,^MXX,54959.828125,55497.828125,54899.359375,55452.73046875,170680700,55452.73046875
2023-05-10,^MXX,55378.41015625,55626.51171875,55303.83984375,55534.6796875,187111800,55534.6796875
2023-05-11,^MXX,55472.2109375,55518.7890625,54852.2890625,55014.16015625,195598400,55014.16015625
2023-05-12,^MXX,55009.359375,55290.41015625,54724.1796875,54948.33984375,165219800,54948.33984375
2023-05-15,^MXX,54993.48046875,55375.921875,54890.62890625,55261.421875,174056800,55261.421875
2023-05-16,^MXX,55246.171875,55589.71875,55136.1015625,55180.96875,183963200,55180.96875
2023-05-17,^MXX,55309.01953125,55441.671875,55005.05859375,55067.37109375,172672200,55067.37109375
2023-05-18,^MXX,55107.640625,55290.7109375,54961.921875,55263.109375,175582500,55263.109375
2023-05-19,^MXX,55197.55078125,55534.3203125,54244.7890625,54296.05078125,168179000,54296.05078125
2023-05-22,^MXX,54305.6796875,54746.26171875,53352.359375,53466.3203125,182836400,53466.3203125
2023-05-23,^MXX,53463.421875,53722.75,52997.3203125,53123.21875,183641600,53123.21875
2023-05-24,^MXX,53483.1484375,53609.37890625,53146.140625,53393.3984375,212096500,53393.3984375
2023-05-25,^MXX,53356.76171875,53883.37890625,53159.359375,53744.6796875,214652400,53744.6796875
2023-05-26,^MXX,53801.53125,54233.5703125,53288.1484375,54025.44921875,202093800,54025.44921875
2023-05-29,^MXX,54002.6484375,54347.8515625,53911.5703125,54212.671875,156707500,54212.671875
2023-05-30,^MXX,54232.2890625,54232.2890625,53105.30859375,53341.8515625,530814200,53341.8515625
2023-05-31,^MXX,53268.58984375,53499.69921875,52575.140625,52736.26171875,1385522200,52736.26171875
2023-06-01,^MXX,52803.578125,53134.859375,52687.4296875,52724.03125,236517300,52724.03125
2023-06-02,^MXX,52791.890625,53401.26171875,52777.4296875,53232.7109375,223672700,53232.7109375
2023-06-05,^MXX,53262.26953125,53649.578125,53238.62890625,53536.05078125,137805700,53536.05078125
2023-06-06,^MXX,53596.44921875,54486.19140625,53578.23046875,54432.19140625,247761200,54432.19140625
2023-06-07,^MXX,54487.19921875,54712.08984375,54248.5,54291.44140625,261542000,54291.44140625
2023-06-08,^MXX,54064,54407.890625,53851.73828125,54338.1796875,226338000,54338.1796875
2023-06-09,^MXX,54331.640625,54796.94140625,54295.53125,54512.140625,211648900,54512.140625
2023-06-12,^MXX,54475.19140625,54547.87890625,54187.0703125,54278.12109375,140883900,54278.12109375
2023-06-13,^MXX,54347.28125,54611.9609375,54149.8984375,54574.75,194688500,54574.75
2023-06-14,^MXX,54629.328125,55182.30859375,54557.171875,55145.4296875,316957900,55145.4296875
2023-06-15,^MXX,55130.41015625,55407.71875,54977.078125,55344.25,213576400,55344.25
2023-06-16,^MXX,55172.6484375,55337.69140625,54783.25,54842.51171875,642615800,54842.51171875
2023-06-19,^MXX,54953.8203125,55074.7890625,54887.328125,54931.05859375,29019400,54931.05859375
2023-06-20,^MXX,54965.8984375,54975.87890625,54286.62890625,54365.6796875,233328700,54365.6796875
2023-06-21,^MXX,54334.171875,54353,53810.8515625,54063.91015625,174711000,54063.91015625
2023-06-22,^MXX,53998.80859375,54031.83984375,53438.8515625,53563.30859375,143284400,53563.30859375
2023-06-23,^MXX,53690.05859375,53690.359375,53127.21875,53341.91015625,136728100,53341.91015625
2023-06-26,^MXX,53354.2890625,53506.078125,53262.75,53335.73828125,160594700,53335.73828125
2023-06-27,^MXX,53295.62109375,54008.03125,53212.73046875,53926.91015625,206317300,53926.91015625
2023-06-28,^MXX,53914.171875,53991.3515625,53293.2109375,53460.05859375,186447500,53460.05859375
2023-06-29,^MXX,53411.7109375,53733.8515625,53370.8984375,53585.21875,157071300,53585.21875
2023-06-30,^MXX,53667.96875,53778.98828125,53344.76953125,53526.1015625,222472200,53526.1015625
2023-07-03,^MXX,53536.94140625,54476.66015625,53483.69140625,54399.1015625,88059600,54399.1015625
2023-07-04,^MXX,54408.078125,54501.578125,53863.859375,53930.859375,23253000,53930.859375
2023-07-05,^MXX,53945.5,54099.859375,53710.390625,54039.66015625,183541100,54039.66015625
2023-07-06,^MXX,54053.8203125,54053.8203125,53117.58984375,53407.69921875,213520400,53407.69921875
2023-07-07,^MXX,53409.3203125,54128.640625,53266.69140625,53904.2890625,168034000,53904.2890625
2023-07-10,^MXX,53991.75,53991.75,53562.23828125,53655.3515625,133520600,53655.3515625
2023-07-11,^MXX,53636.9609375,54189.51171875,53339.37890625,54138.140625,173358400,54138.140625
2023-07-12,^MXX,54168.171875,54222.80078125,53855.41015625,53956.7109375,237858800,53956.7109375
2023-07-13,^MXX,54036.03125,54605.5,53972.94921875,54244.01171875,190638300,54244.01171875
2023-07-14,^MXX,54264.91015625,54264.91015625,53704.55078125,53770.80078125,152709100,53770.80078125
2023-07-17,^MXX,53652.12109375,53934.890625,53409.859375,53623.26953125,98350000,53623.26953125
2023-07-18,^MXX,53641.75,54183.3515625,53479.44140625,54036.26953125,166021400,54036.26953125
2023-07-19,^MXX,54060.44140625,54333.01953125,53681.91015625,53740.16015625,206091900,53740.16015625
2023-07-20,^MXX,53654.671875,53793.30078125,53436.1015625,53561.37109375,127340300,53561.37109375
2023-07-21,^MXX,53336.23828125,53782.71875,53336.23828125,53702.16015625,138248100,53702.16015625
2023-07-24,^MXX,53701.4609375,53724.1015625,53329.96875,53518.91015625,247229800,53518.91015625
2023-07-25,^MXX,53599.23046875,54097.23828125,53570.03125,54013.578125,296826400,54013.578125
2023-07-26,^MXX,54077.37109375,54544.1484375,53750.01953125,54502.08984375,217661200,54502.08984375
2023-07-27,^MXX,54576.890625,54895.25,54324.71875,54753.390625,269781500,54753.390625
2023-07-28,^MXX,54707.078125,55169.48828125,54593.16015625,54945.26953125,200942200,54945.26953125
2023-07-31,^MXX,54998.421875,55244.8203125,54717.55078125,54819.05078125,202298400,54819.05078125
2023-08-01,^MXX,54791.48046875,54901.8984375,54154.7890625,54210.62109375,185015800,54210.62109375
2023-08-02,^MXX,54185.828125,54185.828125,53206.26953125,53283.55859375,223695000,53283.55859375
2023-08-03,^MXX,53245.8203125,53543.390625,53019.21875,53445.08984375,231549400,53445.08984375
2023-08-04,^MXX,53492.30859375,54056.80859375,53397.171875,53991.421875,178687600,53991.421875
2023-08-07,^MXX,54014.73828125,54151.28125,53761.7109375,54032.828125,202503600,54032.828125
2023-08-08,^MXX,53914.19140625,54063.140625,53341.71875,53663.01953125,219128700,53663.01953125
2023-08-09,^MXX,53685.5390625,54251.76171875,53633.73828125,54220.73828125,271649000,54220.73828125
2023-08-10,^MXX,54212.7890625,54435.4296875,53709.078125,53889.03125,179073400,53889.03125
2023-08-11,^MXX,53888.62109375,53938.08984375,53171.01953125,53242.16015625,293772900,53242.16015625
2023-08-14,^MXX,53244.421875,53474.69921875,52818.87890625,53291.44140625,231353200,53291.44140625
2023-08-15,^MXX,53222.1484375,53732.41015625,53116.6015625,53585.0703125,236881000,53585.0703125
2023-08-16,^MXX,53520.421875,53953.3515625,53488.8515625,53827.7109375,334271000,53827.7109375
2023-08-17,^MXX,53891.71875,53968.9609375,53173.109375,53201.44140625,290456200,53201.44140625
2023-08-18,^MXX,53134.69140625,53291.80859375,52610.140625,53194.390625,160170800,53194.390625
2023-08-21,^MXX,53286.2109375,53302.69140625,52681.109375,53109.76171875,186731100,53109.76171875
2023-08-22,^MXX,53163.62109375,53205.41015625,52935.421875,53127.9296875,208217800,53127.9296875
2023-08-23,^MXX,53136.6015625,53784.2890625,53099.3515625,53635.33984375,217799800,53635.33984375
2023-08-24,^MXX,53617.671875,53700.37890625,52881.71875,53109.828125,218952200,53109.828125
2023-08-25,^MXX,52995.6484375,53472.76953125,52881.6796875,53191.53125,185115900,53191.53125
2023-08-28,^MXX,53193.8515625,53773.5,53193.8515625,53442.640625,169203400,53442.640625
2023-08-29,^MXX,53472.62890625,54324.80078125,53342.19921875,54261.328125,217468200,54261.328125
2023-08-30,^MXX,54262.8203125,54604.19140625,54158.9296875,54390.73828125,310295900,54390.73828125
2023-08-31,^MXX,54375.83984375,54375.83984375,52875.80078125,53020.98046875,2341620200,53020.98046875
2023-09-01,^MXX,53233.1484375,53661.62109375,53011.171875,53145.359375,129619300,53145.359375
2023-09-04,^MXX,53161.609375,53317.3984375,52984.1796875,53030.51953125,48500000,53030.51953125
2023-09-05,^MXX,53057.609375,53227.80859375,52816.9296875,52932.5,212425500,52932.5
2023-09-06,^MXX,52930.2109375,53112.3515625,52710.3203125,52971.19140625,220562100,52971.19140625
2023-09-07,^MXX,53100.46875,53100.46875,52454.44921875,52482.96875,169522600,52482.96875
2023-09-08,^MXX,52442.41015625,52604.76171875,52211.01953125,52505.109375,204695700,52505.109375
2023-09-11,^MXX,52549.578125,52748.51171875,52236.25,52267.48828125,166610600,52267.48828125
2023-09-12,^MXX,52227.05859375,52310.12890625,51814.23828125,51860.44921875,220832600,51860.44921875
2023-09-13,^MXX,51832.62890625,51867.30078125,51349.55859375,51522.1796875,267093600,51522.1796875
2023-09-14,^MXX,51519.91015625,51873.23828125,51519.37890625,51755.6796875,205584200,51755.6796875
2023-09-15,^MXX,51737.62109375,51737.62109375,51108.08984375,51351.6015625,998189100,51351.6015625
2023-09-18,^MXX,51452.58984375,51729.7109375,50961.140625,51685.30859375,150526800,51685.30859375
2023-09-19,^MXX,51692.23828125,52327.87890625,51507.8515625,52219.76171875,210624500,52219.76171875
2023-09-20,^MXX,52226.76953125,52904.0703125,52123.48828125,52507.23046875,233178000,52507.23046875
2023-09-21,^MXX,52429.37890625,52429.37890625,51886.19140625,51954.01171875,194911500,51954.01171875
2023-09-22,^MXX,51946.171875,52036.28125,51637.44921875,51677.48046875,172807800,51677.48046875
2023-09-25,^MXX,51684.609375,51852.12109375,51329.6484375,51367.4609375,240424600,51367.4609375
2023-09-26,^MXX,51410.421875,51422.44921875,51068.8984375,51107.80078125,213724500,51107.80078125
2023-09-27,^MXX,51180.98046875,51577.19921875,51180.75,51427.26953125,237887300,51427.26953125
2023-09-28,^MXX,51386.23046875,51743.87109375,51360.23828125,51554.94921875,204512600,51554.94921875
2023-09-29,^MXX,51575.23828125,51658.01171875,50783.0703125,50874.98046875,226957200,50874.98046875
2023-10-02,^MXX,51001.7890625,51281.33984375,50488.3515625,51260.37109375,152597800,51260.37109375
2023-10-03,^MXX,51210.62890625,51305.9296875,50256.859375,50366.390625,242148700,50366.390625
2023-10-04,^MXX,50407.9296875,50776.96875,50158.37890625,50732.69140625,234531400,50732.69140625
2023-10-05,^MXX,50444.75,50444.75,48484.91015625,49454.58984375,273435300,49454.58984375
2023-10-06,^MXX,49472.94921875,49821.55078125,48775.94921875,49666.5,182618600,49666.5
2023-10-09,^MXX,49658.390625,49658.390625,49020.25,49297.1484375,158324400,49297.1484375
2023-10-10,^MXX,49301.6484375,50427.12109375,49301.6484375,50289.859375,200850400,50289.859375
2023-10-11,^MXX,50293.37109375,50416.71875,50109.01953125,50344.73828125,229695000,50344.73828125
2023-10-12,^MXX,50156.921875,50161.78125,49503.62890625,49745.16015625,231171900,49745.16015625
2023-10-13,^MXX,49769.890625,49819.96875,49185.76953125,49379.578125,211550100,49379.578125
2023-10-16,^MXX,49402.328125,50004.828125,49377.828125,49823.078125,131151500,49823.078125
2023-10-17,^MXX,49733.5390625,49874.23828125,49507.609375,49666.01171875,192510900,49666.01171875
2023-10-18,^MXX,49543.8984375,49670.6484375,49011.37890625,49274.78125,339281500,49274.78125
2023-10-19,^MXX,49257.05078125,49314.9609375,48756.96875,48804.609375,254330700,48804.609375
2023-10-20,^MXX,48809.12109375,48886.98828125,48226.48046875,48275.91015625,214755400,48275.91015625
2023-10-23,^MXX,48290.328125,48367.76171875,47765.05859375,48197.87890625,160983200,48197.87890625
2023-10-24,^MXX,48304.3984375,48563.0703125,48204.80859375,48278.80078125,158358600,48278.80078125
2023-10-25,^MXX,48252.46875,48816.55078125,48228.9609375,48766.328125,181752700,48766.328125
2023-10-26,^MXX,48735.8203125,49323.5390625,48626.76953125,49182.37109375,195448300,49182.37109375
2023-10-27,^MXX,49156.5,49609.328125,48887.62109375,48973.8515625,231123500,48973.8515625
2023-10-30,^MXX,48963.46875,49465.890625,48963.46875,49277.359375,190856700,49277.359375
2023-10-31,^MXX,49259,49262.1796875,48807.3515625,49061.87890625,302061900,49061.87890625
2023-11-01,^MXX,49051.921875,49899.421875,48976.859375,49787.83984375,164928200,49787.83984375
2023-11-03,^MXX,50654.109375,51926.51171875,50249.03125,51266.73046875,235378400,51266.73046875
2023-11-06,^MXX,51127.3203125,52181.6484375,51127.3203125,51633.62890625,233795300,51633.62890625
2023-11-07,^MXX,51487.69140625,51710.26171875,50941.05078125,51209.8515625,244230200,51209.8515625
2023-11-08,^MXX,51279.78125,51531.828125,50874.2109375,51016.30078125,144881600,51016.30078125
2023-11-09,^MXX,50977.921875,51241.3515625,50812.140625,51071.03125,200702400,51071.03125
2023-11-10,^MXX,51013.69140625,51329.46875,50977.23046875,51258.23828125,163797100,51258.23828125
2023-11-13,^MXX,51216.26953125,51336.5,51046.69921875,51090.91015625,169830400,51090.91015625
2023-11-14,^MXX,51149.16015625,52571.859375,51149.16015625,52511.37109375,216405300,52511.37109375
2023-11-15,^MXX,52454.44140625,52916.828125,52454.44140625,52796.46875,243861900,52796.46875
2023-11-16,^MXX,52686.94140625,52720.8515625,52310.05859375,52469.359375,184817600,52469.359375
2023-11-17,^MXX,52471.73828125,52832.01953125,52452.4609375,52685.1015625,141131300,52685.1015625
2023-11-21,^MXX,52467,52701.12890625,51986.83984375,52504.2890625,184119600,52504.2890625
2023-11-22,^MXX,52560.12890625,52862.5703125,52526.48046875,52670.01171875,147618900,52670.01171875
2023-11-23,^MXX,52803.2890625,53108.76171875,52738.19140625,53059.5390625,37636200,53059.5390625
2023-11-24,^MXX,52967.48046875,53180.4609375,52568.5390625,52938.421875,96360900,52938.421875
2023-11-27,^MXX,52919.8203125,52919.8203125,52132.41015625,52220.48828125,199742200,52220.48828125
2023-11-28,^MXX,52184.12109375,52623.421875,52172.55859375,52359,197156600,52359
2023-11-29,^MXX,52284.328125,52879.4296875,52253.58984375,52792.80859375,198421400,52792.80859375
2023-11-30,^MXX,52830.94140625,54165.80859375,52683.37890625,54060.01171875,793435900,54060.01171875
2023-12-01,^MXX,53955.7890625,54088.83984375,53652.55859375,53901.4296875,183696900,53901.4296875
2023-12-04,^MXX,53924.37890625,54223.01953125,53764.28125,54053.62890625,227438800,54053.62890625
2023-12-05,^MXX,54094.3203125,54163.828125,53400.76171875,54120.91015625,250335400,54120.91015625
2023-12-06,^MXX,54106.4296875,54446.87890625,54017.05859375,54100.37109375,227010400,54100.37109375
2023-12-07,^MXX,54012.80859375,54509.3984375,53970.44921875,54456.78125,208628600,54456.78125
2023-12-08,^MXX,54340.08984375,54574.109375,54042.48046875,54393.01171875,192868500,54393.01171875
2023-12-11,^MXX,54438.21875,54604.078125,54143.75,54439.12109375,191407600,54439.12109375
2023-12-13,^MXX,54266.62890625,55250.078125,53933.30078125,55167.859375,258658100,55167.859375
2023-12-14,^MXX,55346.46875,57077.51953125,55346.46875,57036.421875,313194800,57036.421875
2023-12-15,^MXX,57065.25,57502.12109375,56723.23828125,57130.078125,601094400,57130.078125
2023-12-18,^MXX,57074.2109375,57910.55078125,56772.140625,57732.80859375,183221200,57732.80859375
2023-12-19,^MXX,57737.41015625,58338.3203125,57374.390625,57694.33984375,218941700,57694.33984375
2023-12-20,^MXX,57689.3515625,57826.890625,56811.44140625,56909.37109375,206219900,56909.37109375
2023-12-21,^MXX,56998.76953125,57599.91015625,56998.76953125,57487.69921875,109613500,57487.69921875
2023-12-22,^MXX,57603.171875,57694.8515625,57225.171875,57313.46875,93654100,57313.46875
2023-12-26,^MXX,57356.30859375,57974.921875,57335.69921875,57745.7890625,51390900,57745.7890625
2023-12-27,^MXX,57647.5,57914.05078125,57480.7890625,57554.46875,76005000,57554.46875
2023-12-28,^MXX,57577.83984375,57806.421875,57218.578125,57464.421875,56304100,57464.421875
2023-12-29,^MXX,57475.390625,57522.94921875,57178.46875,57386.25,66550500,57386.25
2024-01-02,^MXX,57456.80859375,57456.80859375,56593.51171875,56980.44140625,70724900,56980.44140625
2024-01-03,^MXX,56996.26953125,56996.26953125,55634.01171875,55726.640625,98424800,55726.640625
2024-01-04,^MXX,55732.94921875,55893.2890625,55203.98828125,55406.9609375,98384300,55406.9609375
2024-01-05,^MXX,55420.1015625,56246.21875,55388.71875,56192.78125,117230100,56192.78125
2024-01-08,^MXX,56227.9296875,56301.51953125,55908.1796875,56175.671875,129022300,56175.671875
2024-01-09,^MXX,56233.1484375,56233.1484375,55073.3515625,55105.578125,179710800,55105.578125
2024-01-10,^MXX,55104.83984375,55535.1484375,55029.48046875,55318.671875,199388700,55318.671875
2024-01-11,^MXX,55313.9296875,55612.30078125,55155.83984375,55438.75,169535700,55438.75
2024-01-12,^MXX,55463.3203125,55898.44140625,55461.23046875,55607.0703125,168914200,55607.0703125
2024-01-15,^MXX,55654.390625,55671.98046875,55435.75,55501.109375,17535400,55501.109375
2024-01-16,^MXX,55504.0703125,55641.7109375,55073.83984375,55124.578125,222231500,55124.578125
2024-01-17,^MXX,55147.94140625,55147.94140625,54367.171875,54711.69140625,265467800,54711.69140625
2024-01-18,^MXX,54690.578125,54823.0390625,54346.578125,54707.890625,206055900,54707.890625
2024-01-19,^MXX,54728.140625,55488.80078125,54499.4296875,55452.1015625,213233300,55452.1015625
2024-01-22,^MXX,55418.1015625,55434.1484375,54629.19140625,54667.609375,185280700,54667.609375
2024-01-23,^MXX,54751.66015625,55578.55078125,54751.66015625,55502.8984375,172481500,55502.8984375
2024-01-24,^MXX,55564.1015625,55908.1484375,55273.76953125,55419.55078125,241517100,55419.55078125
2024-01-25,^MXX,55408.3203125,56391.4609375,54968.55859375,56160.0703125,292610000,56160.0703125
2024-01-26,^MXX,56321.37890625,57164.078125,56178.7109375,56855.87890625,209368000,56855.87890625
2024-01-29,^MXX,56813.73046875,57229.3203125,56806.23046875,57175.73046875,214253500,57175.73046875
2024-01-30,^MXX,57151.1796875,57612.01171875,56711.94140625,57537.140625,265265700,57537.140625
2024-01-31,^MXX,57449.58984375,57829.01171875,57051.87890625,57372.76171875,232735200,57372.76171875
2024-02-01,^MXX,57367.28125,58221.171875,57367.28125,57828.078125,178933700,57828.078125
2024-02-02,^MXX,58012.87890625,58273.171875,57744.33984375,58226.76953125,166980800,58226.76953125
2024-02-06,^MXX,58271.75,59015.3984375,57782.69921875,58645.421875,266012200,58645.421875
2024-02-07,^MXX,58625.9296875,59020.55078125,58382.76171875,58711.87109375,182573800,58711.87109375
2024-02-08,^MXX,58856.23046875,58856.23046875,57700.6015625,57762.44140625,251848900,57762.44140625
2024-02-09,^MXX,57832.4296875,57908.33984375,57287.33984375,57327.5,130498900,57327.5
2024-02-12,^MXX,57339.96875,57802.23828125,57294.71875,57418.55078125,173539100,57418.55078125
2024-02-13,^MXX,57277.7890625,57382.48046875,56812.640625,56906.98828125,168142700,56906.98828125
2024-02-14,^MXX,56872.37890625,57318.62109375,56872.37890625,57248.46875,202355300,57248.46875
2024-02-15,^MXX,57216.578125,57612.69921875,57160.6015625,57251.890625,212858400,57251.890625
2024-02-16,^MXX,57224.2109375,57421.96875,56987.421875,57132.109375,158971900,57132.109375
2024-02-19,^MXX,57205.05859375,57567.390625,56804.671875,57490.05078125,34690500,57490.05078125
2024-02-20,^MXX,57250.19921875,57602.2109375,57119.359375,57227.671875,233605200,57227.671875
2024-02-21,^MXX,57257.078125,57269.12890625,56782.80859375,57021.03125,197674400,57021.03125
2024-02-22,^MXX,57024.26171875,57407.390625,56773.55078125,57148.73046875,207938900,57148.73046875
2024-02-23,^MXX,57187.19921875,57205.828125,56432.609375,56659.80078125,216265500,56659.80078125
2024-02-26,^MXX,56649.421875,56649.421875,56035.75,56194.71875,214213000,56194.71875
2024-02-27,^MXX,56192.96875,56399.0703125,55915.87109375,56241.03125,217701900,56241.03125
2024-02-28,^MXX,56233.828125,56268.98046875,55085.80078125,55350.609375,208760600,55350.609375
2024-02-29,^MXX,55375.19140625,55719.8984375,55111,55414,506671300,55414
2024-03-01,^MXX,55396.30078125,55984.87109375,55184.8515625,55536.3203125,152945900,55536.3203125
2024-03-04,^MXX,55451.05078125,55852.78125,55411.08984375,55462.48828125,147751600,55462.48828125
2024-03-05,^MXX,55450.03125,55647.30859375,55104.62109375,55476.25,177401700,55476.25
2024-03-06,^MXX,55464.05078125,55757.23046875,55217.91015625,55284.51171875,163414700,55284.51171875
2024-03-07,^MXX,55305.7109375,55494.12109375,54978.640625,55049.48828125,168372600,55049.48828125
2024-03-08,^MXX,55134.62890625,55313.859375,54890.26171875,54935.98828125,134726600,54935.98828125
2024-03-11,^MXX,54876.609375,55373.859375,54752.41015625,55076.12109375,190194700,55076.12109375
2024-03-12,^MXX,55145.2890625,55199.6015625,54713.48046875,54898.94921875,203210800,54898.94921875
2024-03-13,^MXX,54902.30859375,55881.671875,54853.51953125,55848.71875,205029200,55848.71875
2024-03-14,^MXX,55838.3203125,56427.4296875,55838.3203125,56059.26171875,226717800,56059.26171875
2024-03-15,^MXX,56163.26171875,56575.51171875,55855.16015625,56228.3984375,935202200,56228.3984375
2024-03-19,^MXX,56137.1484375,56137.1484375,55494.1015625,55548.0703125,194973900,55548.0703125
2024-03-20,^MXX,55543.69921875,56921.9609375,55416.19140625,56618.01171875,172304700,56618.01171875
2024-03-21,^MXX,56715.25,57015.8203125,56544.05078125,56657.44140625,197838300,56657.44140625
2024-03-22,^MXX,56676.8203125,56805.66015625,56517.3984375,56610.5390625,170059500,56610.5390625
2024-03-25,^MXX,56565.109375,56820.30078125,56311.98828125,56552.5390625,89283000,56552.5390625
2024-03-26,^MXX,56634.8515625,57422.25,56435.26953125,57209.69921875,125010900,57209.69921875
2024-03-27,^MXX,57182.859375,57599.078125,57007.55078125,57369.01171875,114250800,57369.01171875
2024-04-01,^MXX,57423.51171875,57726.8203125,57291.94921875,57653.23046875,165028800,57653.23046875
2024-04-02,^MXX,57593.62109375,57830.87890625,57235.58984375,57581.80859375,180753600,57581.80859375
2024-04-03,^MXX,57547.19140625,58086.421875,57300.109375,57503.390625,189285300,57503.390625
2024-04-04,^MXX,57539.46875,58219.5,57514.1796875,57882.76171875,184739700,57882.76171875
2024-04-05,^MXX,57805.19140625,58227.83984375,57678.609375,58092.44140625,212252300,58092.44140625
2024-04-08,^MXX,58021.66015625,58192.3203125,57749.44140625,57989.94140625,154641800,57989.94140625
2024-04-09,^MXX,58010.37109375,58298.76953125,57492.05859375,57571.1484375,202213300,57571.1484375
2024-04-10,^MXX,57541.859375,57541.859375,56374.62890625,56636.5390625,210376200,56636.5390625
2024-04-11,^MXX,56696.3203125,56876.6484375,56485.9609375,56830.3203125,200968500,56830.3203125
2024-04-12,^MXX,56918.48046875,57272.69921875,56497.87890625,56565.921875,147838800,56565.921875
2024-04-15,^MXX,56536.46875,56709.12109375,55924.1015625,55984,170645700,55984
2024-04-16,^MXX,56009.73046875,56148,55626.75,55797.25,225862900,55797.25
2024-04-17,^MXX,55788.73828125,56090.3203125,55383.25,55415.69140625,244258900,55415.69140625
2024-04-18,^MXX,55597.7890625,55941.62109375,55585.8203125,55739.4296875,208671900,55739.4296875
2024-04-19,^MXX,55811.19140625,56036.71875,55579.69140625,55862.8515625,138617600,55862.8515625
2024-04-22,^MXX,55852.28125,56615.87890625,55771.55078125,56551.8984375,183161700,56551.8984375
2024-04-23,^MXX,56564.578125,56906.80078125,56300.359375,56633.75,204292000,56633.75
2024-04-24,^MXX,56622.16015625,56827.01953125,56188.890625,56463.98828125,254687400,56463.98828125
2024-04-25,^MXX,56619.08984375,57282.328125,56207.44921875,57071.78125,264895300,57071.78125
2024-04-26,^MXX,57072.9609375,58002.171875,56870.171875,57833.8515625,156980900,57833.8515625
2024-04-29,^MXX,57890.48828125,58110.37109375,57512.6015625,57827.859375,222976800,57827.859375
2024-04-30,^MXX,57835.5,57835.5,56670.53125,56727.98046875,307132500,56727.98046875
2024-05-02,^MXX,56766.3984375,57021.78125,56607.30078125,56677.05078125,249952200,56677.05078125
2024-05-03,^MXX,56706.23046875,57258.41015625,56668.73828125,57135.26171875,175056100,57135.26171875
2024-05-06,^MXX,57204.53125,57559.08984375,57127.03125,57282.94921875,174095400,57282.94921875
2024-05-07,^MXX,57376.0703125,57445.98828125,56844.03125,57108.3203125,297798000,57108.3203125
2024-05-08,^MXX,57055.51953125,57249.76953125,56661.76171875,57081,263546300,57081
2024-05-09,^MXX,57118.140625,58063.078125,57001.53125,57846.078125,188272300,57846.078125
2024-05-10,^MXX,57836.58984375,58090.25,57627.9609375,57718.0390625,215416700,57718.0390625
2024-05-13,^MXX,57735.01171875,58169.69140625,57664.12890625,57731.12109375,121761200,57731.12109375
2024-05-14,^MXX,57890.03125,57896.1796875,57127.4609375,57231.73828125,225449200,57231.73828125
2024-05-15,^MXX,57284.921875,58135.03125,57283.05859375,57454.6484375,174206100,57454.6484375
2024-05-16,^MXX,57388.2109375,57721.48046875,57232.30859375,57462.171875,188203100,57462.171875
2024-05-17,^MXX,57506.48828125,57847.37890625,57385.25,57583.078125,109270500,57583.078125
2024-05-20,^MXX,57604.25,57725.8203125,57270.53125,57393.28125,137307600,57393.28125
2024-05-21,^MXX,57286.58984375,57286.58984375,56638.1484375,56760.71875,175206900,56760.71875
2024-05-22,^MXX,56653.08984375,56656.62890625,56148.62890625,56432.03125,156403600,56432.03125
2024-05-23,^MXX,56342.19921875,56407.03125,55857.91015625,55918.37890625,154664100,55918.37890625
2024-05-24,^MXX,55860.94921875,55908.6484375,55368.2109375,55413.12109375,148845700,55413.12109375
2024-05-27,^MXX,55428.23828125,55551.23828125,55120.48046875,55452.87890625,30726500,55452.87890625
2024-05-28,^MXX,55452.80078125,55526.26171875,55078.44140625,55184.94921875,153188600,55184.94921875
2024-05-29,^MXX,55120.55859375,55458.4296875,54352.1484375,55212.640625,247658800,55212.640625
2024-05-30,^MXX,55169.8984375,55683.5703125,54768.3984375,55352.55859375,232591600,55352.55859375
2024-05-31,^MXX,55253.5,55588.19921875,54839.26171875,55179.23828125,755398300,55179.23828125
2024-06-03,^MXX,54967.91015625,55197.109375,51358.96875,51807.55078125,299888100,51807.55078125
2024-06-04,^MXX,51894.3203125,53683.23046875,51894.3203125,53485.62109375,339298300,53485.62109375
2024-06-05,^MXX,53467.37109375,54536.16015625,53306.80078125,54410.51171875,298596000,54410.51171875
2024-06-06,^MXX,54427.75,55730.30859375,54038.609375,54477.25,300812400,54477.25
2024-06-07,^MXX,54477.62109375,54788.3203125,52887.25,52977.3203125,281301700,52977.3203125
2024-06-10,^MXX,52989.19921875,53652.3203125,52989.19921875,53122.578125,209603900,53122.578125
2024-06-11,^MXX,53184.5390625,53567.23828125,52624.87109375,53134.05859375,241229900,53134.05859375
2024-06-12,^MXX,53220.08984375,53767.390625,52928.94140625,52975.890625,257816700,52975.890625
2024-06-13,^MXX,52978.19140625,53072.2109375,52209.609375,52275.6484375,212337200,52275.6484375
2024-06-14,^MXX,52218.9296875,52482.80859375,51872.12890625,52222.94140625,268209500,52222.94140625
2024-06-17,^MXX,52247.328125,52438.78125,52000.76953125,52397.19921875,170039700,52397.19921875
2024-06-18,^MXX,52341.3203125,53547.48828125,52271.75,53191.25,183424000,53191.25
2024-06-19,^MXX,53220.37890625,53389.80078125,53190.55859375,53323.37109375,32765100,53323.37109375
2024-06-20,^MXX,53202.6484375,53414.1484375,52819.5390625,53333.03125,204979100,53333.03125
2024-06-21,^MXX,53370.23046875,53405.109375,52698.6796875,52788.5,1105858400,52788.5
2024-06-24,^MXX,52741.5390625,53136.73046875,52388.421875,52512.91015625,218204500,52512.91015625
2024-06-25,^MXX,52472.3203125,52690.1015625,51847.7109375,52604.05078125,273486500,52604.05078125
2024-06-26,^MXX,52630.44921875,52779.66015625,51993.921875,52468.01171875,298607100,52468.01171875
2024-06-27,^MXX,52284.12109375,52470.76953125,52082.76171875,52310.9609375,273035000,52310.9609375
2024-06-28,^MXX,52455.9296875,52780.3203125,51980.71875,52440.01953125,243725000,52440.01953125
2024-07-01,^MXX,52452.44140625,53159.30078125,52452.44140625,52883.96875,197511800,52883.96875
2024-07-02,^MXX,52842.66015625,53126.96875,51802.5,51947.890625,264359400,51947.890625
2024-07-03,^MXX,52057.26171875,53054.171875,52036.01953125,52796.26171875,139483800,52796.26171875
2024-07-04,^MXX,52817.55859375,52974.23828125,52572.78125,52654.8515625,20477300,52654.8515625
2024-07-05,^MXX,52703.12109375,52770.46875,52216.8984375,52333.16015625,167390100,52333.16015625
2024-07-08,^MXX,52227.48046875,53020.03125,52214.51171875,52907.69140625,217413400,52907.69140625
2024-07-09,^MXX,52886.0703125,53405.5703125,52838.62890625,53331.80859375,204901100,53331.80859375
2024-07-10,^MXX,53409.8203125,54342.26953125,53349.3515625,54279.87890625,248590500,54279.87890625
2024-07-11,^MXX,54328.37890625,54629.55078125,54281.1015625,54422.58984375,176982900,54422.58984375
2024-07-12,^MXX,54398.609375,55078.1484375,54205.109375,54953.109375,206531300,54953.109375
2024-07-15,^MXX,54894.921875,55120.421875,54243.08984375,54311.98828125,177278000,54311.98828125
2024-07-16,^MXX,54337.21875,54594.69140625,54068.80859375,54378.19140625,208004700,54378.19140625
2024-07-17,^MXX,54346.140625,54448.48046875,53507.421875,53744.78125,237669200,53744.78125
2024-07-18,^MXX,53803.6015625,54045.73046875,52919.1796875,53043,233238400,53043
2024-07-19,^MXX,53048.37890625,53793.1015625,52889.87890625,53678.51953125,131925200,53678.51953125
2024-07-22,^MXX,53656.171875,54161.078125,53575.12890625,54006.921875,280362400,54006.921875
2024-07-23,^MXX,53726.80859375,54063.01171875,53539.33984375,53707.73828125,267716500,53707.73828125
2024-07-24,^MXX,53651.359375,53941.5390625,53051.26171875,53168.41015625,227583200,53168.41015625
2024-07-25,^MXX,53085.109375,53300.48046875,52692.76171875,52931.87109375,336606200,52931.87109375
2024-07-26,^MXX,52959.76171875,53157.33984375,52559.26171875,52819.578125,301551800,52819.578125
2024-07-29,^MXX,52837.30078125,53235.5703125,52438.44921875,52515.78125,302616800,52515.78125
2024-07-30,^MXX,52574.9609375,52973.390625,52228.12109375,52325.421875,292415800,52325.421875
2024-07-31,^MXX,52279.6484375,53313.55859375,52279.6484375,53136.83984375,64213700,53136.83984375
2024-08-01,^MXX,53138.53125,53138.53125,52302.7109375,52417.48046875,315067500,52417.48046875
2024-08-02,^MXX,52379.62109375,52379.62109375,51734.41015625,52242.37890625,230931200,52242.37890625
2024-08-05,^MXX,52047.16015625,52124.55078125,51259.73046875,51776.48046875,167685900,51776.48046875
2024-08-06,^MXX,51890.4296875,52494.19921875,51834.23046875,52399.62890625,209484300,52399.62890625
2024-08-07,^MXX,52419.12109375,52935.55078125,52415.46875,52680.8984375,221599200,52680.8984375
2024-08-08,^MXX,52748.46875,53116.73046875,52615.140625,52876.55078125,182699900,52876.55078125
2024-08-09,^MXX,52872.7109375,53118.01171875,52771.58984375,53051.5390625,145598100,53051.5390625
2024-08-12,^MXX,53085.62890625,53165.08984375,52626.94140625,53040.3515625,156078100,53040.3515625
2024-08-13,^MXX,53185.16015625,53730.80078125,53185.16015625,53674.19921875,174800800,53674.19921875
2024-08-14,^MXX,53659.640625,53787.78125,53399.19140625,53718.94921875,208928500,53718.94921875
2024-08-15,^MXX,53678.80078125,54311.7109375,53678.80078125,54264.921875,186810600,54264.921875
2024-08-16,^MXX,54262.26953125,54343.28125,54005.98046875,54083.78125,163832600,54083.78125
2024-08-19,^MXX,54026.9296875,54293.12109375,54026.9296875,54104.6796875,132430500,54104.6796875
2024-08-20,^MXX,54130.421875,54302.26953125,53820.87109375,53991.05859375,178585400,53991.05859375
2024-08-21,^MXX,53979.30859375,54144.859375,53620.9609375,53864.73046875,221702300,53864.73046875
2024-08-22,^MXX,53811.87109375,54136.9296875,53273.12109375,53316.19921875,303743700,53316.19921875
2024-08-23,^MXX,53368.1796875,53807.37109375,53341.53125,53490.921875,245775900,53490.921875
2024-08-26,^MXX,53436.98046875,53733.69140625,53107.859375,53171.30859375,211433800,53171.30859375
2024-08-27,^MXX,53122.578125,53403.01171875,52457.73046875,52474.30859375,200486300,52474.30859375
2024-08-28,^MXX,52500.0703125,52972.609375,52388.48046875,52439.87109375,239110300,52439.87109375
2024-08-29,^MXX,52511.05078125,53302.30859375,52476.8515625,53138.9609375,216583800,53138.9609375
2024-08-30,^MXX,52945.71875,53102.08984375,52744.51953125,52913.5,464816500,52913.5
2024-09-02,^MXX,52133.890625,52737.12109375,52091.58984375,52493.37890625,31027700,52493.37890625
2024-09-03,^MXX,52421.69921875,52462.73828125,51507.48046875,51589.421875,200061900,51589.421875
2024-09-04,^MXX,51571.671875,52232.51171875,51466.16015625,51811.37109375,178945500,51811.37109375
2024-09-05,^MXX,51791.8203125,52149.44140625,51597.6484375,51661.48046875,194167800,51661.48046875
2024-09-06,^MXX,51727.4609375,51924.51953125,50912.96875,51083.44140625,147262100,51083.44140625
2024-09-09,^MXX,51044.55859375,51578.671875,51020.328125,51136.05078125,153374100,51136.05078125
2024-09-10,^MXX,51099.69921875,51283.87109375,50790.23828125,50973.109375,241346500,50973.109375
2024-09-11,^MXX,50990.3203125,51318.328125,50782.109375,51195.76171875,238237900,51195.76171875
2024-09-12,^MXX,51158.2109375,52137.37890625,51158.2109375,51999.73046875,229945500,51999.73046875
2024-09-13,^MXX,52005.6484375,52431.6484375,51877.41015625,52016.8515625,141368600,52016.8515625
2024-09-17,^MXX,51978.62890625,52796.48828125,51978.62890625,52273.53125,203046700,52273.53125
2024-09-18,^MXX,52350.3984375,52783.80859375,52193.8515625,52582.890625,144912400,52582.890625
2024-09-19,^MXX,52735.25,53114.01171875,52636.69921875,52918.0390625,204810500,52918.0390625
2024-09-20,^MXX,52913.12109375,52913.12109375,52082.44921875,52190.48046875,899081100,52190.48046875
2024-09-23,^MXX,52231.9296875,52547.37890625,51895.921875,52422.23828125,202239000,52422.23828125
2024-09-24,^MXX,52529.94140625,53711.578125,52529.94140625,53653.94921875,279229500,53653.94921875
2024-09-25,^MXX,53496.73828125,53597.828125,53100.25,53190.9296875,221523300,53190.9296875
2024-09-26,^MXX,53052.69140625,54201.4609375,53052.69140625,53590.51953125,241227200,53590.51953125
2024-09-27,^MXX,53540.23046875,53846.37109375,52722.21875,52778.171875,234650300,52778.171875
2024-09-30,^MXX,52854.8203125,52865.078125,52368.51171875,52477.30078125,246167800,52477.30078125
2024-10-02,^MXX,52324.6484375,52771.19921875,51654.609375,52199.66015625,312648600,52199.66015625
2024-10-03,^MXX,52183.98828125,52183.98828125,51507.51953125,51674.5390625,261782100,51674.5390625
2024-10-04,^MXX,51763.5390625,52984.359375,51731.62109375,52609.87109375,208825900,52609.87109375
2024-10-07,^MXX,52587.76953125,53067.01953125,51943,52039.87109375,178648000,52039.87109375
2024-10-08,^MXX,52085.0703125,52095.76171875,51567.9609375,51764.640625,242914100,51764.640625
2024-10-09,^MXX,51799.48828125,52409.5703125,51699.26953125,51869.140625,198227500,51869.140625
2024-10-10,^MXX,51875.62890625,52475.6015625,51741.7109375,52391.2890625,230013700,52391.2890625
2024-10-11,^MXX,52485.19140625,52529.26171875,52213.62109375,52395.66015625,154454300,52395.66015625
2024-10-14,^MXX,52375.5390625,52377.01171875,51864.78125,52000.58984375,199140900,52000.58984375
2024-10-15,^MXX,52010.75,52410.30859375,51922.1484375,52377.78125,251831300,52377.78125
2024-10-16,^MXX,52281.28125,52601.44921875,52212.01953125,52483.62109375,249953300,52483.62109375
2024-10-17,^MXX,52392.21875,52680.078125,52287.58984375,52463.66015625,153665700,52463.66015625
2024-10-18,^MXX,52510.921875,53076.69140625,52354.140625,53027.421875,178429600,53027.421875
2024-10-21,^MXX,53054.25,53141.5390625,52538.98828125,52814.8203125,144294000,52814.8203125
2024-10-22,^MXX,52753.3203125,52753.3203125,51877.3984375,52368.69140625,248595200,52368.69140625
2024-10-23,^MXX,52183.12109375,52506.6796875,51878.5703125,52142.12890625,206239900,52142.12890625
2024-10-24,^MXX,52175.859375,52421.6484375,51543.171875,51795.55859375,221584000,51795.55859375
2024-10-25,^MXX,51822.28125,52221.66015625,51743.2890625,51784.328125,201308500,51784.328125
2024-10-28,^MXX,51744.7890625,51890.21875,51457.53125,51816.30078125,206401300,51816.30078125
2024-10-29,^MXX,51760.37109375,51911.30859375,51127.87890625,51166.2890625,210440700,51166.2890625
2024-10-30,^MXX,51172.12890625,51227.75,50803.5390625,50877.23828125,207690000,50877.23828125
2024-10-31,^MXX,50821.73828125,50942.30078125,50520.9609375,50661.05078125,250299800,50661.05078125
2024-11-01,^MXX,50688.26953125,50886.76953125,50542.69921875,50622.390625,151375500,50622.390625
2024-11-04,^MXX,50595.328125,51193.33984375,50446.33984375,50882.5390625,140020400,50882.5390625
2024-11-05,^MXX,50639.4296875,50934.6484375,50253.87890625,50831.51171875,179682400,50831.51171875
2024-11-06,^MXX,50625.6015625,51812.7109375,49486.171875,51732.4609375,247299800,51732.4609375
2024-11-07,^MXX,51800.51953125,52594.21875,51580.8515625,52311.078125,254701500,52311.078125
2024-11-08,^MXX,51937.37890625,52028.2109375,51370.359375,51845.171875,163291100,51845.171875
2024-11-11,^MXX,51765.41015625,51907.05078125,51410.2890625,51449.4296875,156138300,51449.4296875
2024-11-12,^MXX,51492.62890625,51514.3984375,50984.01171875,51096.640625,170233500,51096.640625
2024-11-13,^MXX,51074.859375,51134.83984375,50706.109375,50747.62890625,179935900,50747.62890625
2024-11-14,^MXX,50790.58984375,50905,50380,50553.30859375,198739000,50553.30859375
2024-11-15,^MXX,50321.76953125,50860.1015625,50321.76953125,50469.3984375,153069300,50469.3984375
2024-11-19,^MXX,50493.48046875,50759.37109375,50165.78125,50222.3984375,194469200,50222.3984375
2024-11-20,^MXX,50276.578125,50368.1796875,49976.46875,50168.87890625,221524100,50168.87890625
2024-11-21,^MXX,50099.44921875,50593.8984375,50064.8515625,50174.640625,234439800,50174.640625
2024-11-22,^MXX,50149.26953125,50499.640625,49921.78125,50430.01953125,208581600,50430.01953125
2024-11-25,^MXX,50366.75,50931.28125,50136.55859375,50207.1796875,773789900,50207.1796875
2024-11-26,^MXX,50135.859375,50298.8515625,49562.98828125,49721.8515625,200052600,49721.8515625
2024-11-27,^MXX,49690.48828125,50098.078125,49600.03125,49787.8203125,218921000,49787.8203125
2024-11-28,^MXX,49812.08984375,50102.828125,49756.48046875,49941.26953125,40831100,49941.26953125
2024-11-29,^MXX,49748.6484375,50406.66015625,49458.7890625,49812.640625,159873700,49812.640625
2024-12-02,^MXX,49954.98046875,50610.8203125,49954.98046875,50414.171875,216614800,50414.171875
2024-12-03,^MXX,50565.98046875,51050.98046875,50400.1015625,50828.05859375,226628600,50828.05859375
2024-12-04,^MXX,50828.46875,51370.12109375,50745.55859375,51249.80078125,208061300,51249.80078125
2024-12-05,^MXX,51143.51171875,51912.2109375,51087.578125,51756.83984375,209957600,51756.83984375
2024-12-06,^MXX,51644.51953125,51819.76171875,51263.921875,51348.80078125,178103100,51348.80078125
2024-12-09,^MXX,51417.9296875,52291.890625,51370.390625,52190.6796875,192663100,52190.6796875
2024-12-10,^MXX,52207.76171875,52207.76171875,51343.140625,51377.28125,184825200,51377.28125
2024-12-11,^MXX,51285.2890625,51433.078125,50975.48828125,51284.2109375,202300900,51284.2109375
2024-12-13,^MXX,51265.1796875,51717.640625,51043.6796875,51619.75,263266300,51619.75
2024-12-16,^MXX,51626.66015625,51639.94921875,50784.55859375,50849.4296875,240713500,50849.4296875
2024-12-17,^MXX,50718.05078125,50928.80859375,50371.26953125,50500.33984375,276368200,50500.33984375
2024-12-18,^MXX,50414.44140625,50636.8984375,49896.0703125,49968.44140625,208794600,49968.44140625
2024-12-19,^MXX,49919.58984375,50657.9296875,49200.6015625,49254.46875,176312900,49254.46875
2024-12-20,^MXX,49263.0390625,49819.55859375,49174.44140625,49586.2109375,830185700,49586.2109375
2024-12-23,^MXX,49530.78125,49738.28125,49031.87890625,49450.890625,81066100,49450.890625
2024-12-24,^MXX,49449.23046875,49668.7890625,49225.23046875,49316.62109375,30757200,49316.62109375
2024-12-26,^MXX,49303.2890625,49622.5703125,49184.30078125,49535.578125,65869500,49535.578125
2024-12-27,^MXX,49527.98828125,50209.69921875,49225.6015625,49290.578125,94708800,49290.578125
2024-12-30,^MXX,49298.890625,49309.94921875,48769.87890625,48837.71875,115169800,48837.71875
2024-12-31,^MXX,48835.609375,49663.62890625,48835.609375,49513.26953125,80718100,49513.26953125
2025-01-02,^MXX,49606.87890625,50023.96875,49606.87890625,49765.19921875,87535300,49765.19921875
2025-01-03,^MXX,49760.23828125,49847.30859375,48878.3984375,48957.23828125,112782300,48957.23828125
2025-01-06,^MXX,49187.91015625,50131.3515625,49093.640625,49493.55859375,139872100,49493.55859375
2025-01-07,^MXX,49567.76953125,50259.109375,49567.76953125,50085.5,142173400,50085.5
2025-01-08,^MXX,50114.7890625,50114.7890625,49492.28125,49634.26171875,154747700,49634.26171875
2025-01-09,^MXX,49639.51953125,50609.890625,49639.51953125,49807.9609375,63313100,49807.9609375
2025-01-10,^MXX,49734.96875,49953.7890625,49435.16015625,49596.69921875,160536300,49596.69921875
2025-01-13,^MXX,49609.8203125,49917.76953125,49320.01171875,49829.96875,169265000,49829.96875
2025-01-14,^MXX,49833.96875,50183.609375,49754.0703125,49844,187154900,49844
2025-01-15,^MXX,49931.01171875,50323,49905.51953125,50242.83984375,201696100,50242.83984375
2025-01-16,^MXX,50314.8984375,50379.28125,49888.578125,49948.1484375,199200100,49948.1484375
2025-01-17,^MXX,49963.640625,50434.73046875,49907.30859375,49940.890625,145650700,49940.890625
2025-01-20,^MXX,49923.78125,50317.41015625,49895.96875,50201.3203125,48486800,50201.3203125
2025-01-21,^MXX,50205.44921875,50664.12890625,50104.3203125,50450.26171875,152784600,50450.26171875
2025-01-22,^MXX,50517.078125,51374.48828125,50214.78125,50944.578125,246763600,50944.578125
2025-01-23,^MXX,50989.19140625,51324.75,50358.80078125,51054.91015625,201852500,51054.91015625
2025-01-24,^MXX,51059.3984375,51455.5390625,50999.0390625,51357.30859375,188988000,51357.30859375
2025-01-27,^MXX,51173.41015625,51874.6484375,51125.91015625,51687.44921875,141375900,51687.44921875
2025-01-28,^MXX,51696.30859375,51846.19140625,51393.0703125,51535.9609375,194650000,51535.9609375
2025-01-29,^MXX,51487.55859375,51650.1015625,51022.671875,51555.78125,176057000,51555.78125
2025-01-30,^MXX,51619.5390625,52375.6484375,51589.62890625,52050.25,174076600,52050.25
2025-01-31,^MXX,52025.4296875,52313.9609375,51080.87109375,51209.53125,227881200,51209.53125
2025-02-04,^MXX,51407.23046875,52074.55859375,51200.3984375,51889.75,255089100,51889.75
2025-02-05,^MXX,51853.359375,52696.53125,51425.078125,51570.19140625,239296000,51570.19140625
2025-02-06,^MXX,51579.2890625,52773.03125,51579.2890625,52674.7890625,260554400,52674.7890625
2025-02-07,^MXX,52666.51171875,52955.76171875,52603.6484375,52817.75,174281200,52817.75
2025-02-10,^MXX,52883.23046875,53378.0390625,52870.3984375,52928.12109375,202338600,52928.12109375
2025-02-11,^MXX,52901.19140625,53579.94140625,52572.94140625,53451.640625,204640300,53451.640625
2025-02-12,^MXX,53340.2890625,54234.6484375,53003.05078125,54065.71875,242024100,54065.71875
2025-02-13,^MXX,54046.33984375,54440.37109375,53883.12890625,54160.109375,205219300,54160.109375
2025-02-14,^MXX,54137.44140625,54325.2109375,53948.5,54077.94140625,289621500,54077.94140625
2025-02-17,^MXX,54068.05078125,54349.94921875,53762.359375,54291.640625,25452300,54291.640625
2025-02-18,^MXX,54294.828125,54670.8515625,53972.1796875,54476.73828125,170281000,54476.73828125
2025-02-19,^MXX,54426.578125,54477.08984375,53977.421875,54096.51171875,163857100,54096.51171875
2025-02-20,^MXX,54118.4609375,54506.94140625,53824.12109375,54303.9296875,136034500,54303.9296875
2025-02-21,^MXX,54310,54382.2109375,53462.8984375,53738.75,92877500,53738.75
2025-02-24,^MXX,53784.44921875,53980.44921875,53250.30078125,53704.44921875,153016300,53704.44921875
2025-02-25,^MXX,53771.51953125,53771.51953125,52888.8515625,53050.328125,225733300,53050.328125
2025-02-26,^MXX,53090.25,53475.73828125,52830.828125,53296.7109375,237113000,53296.7109375
2025-02-27,^MXX,53434.3203125,53446.3515625,52333.76171875,52607.609375,239110200,52607.609375
2025-02-28,^MXX,52665.44140625,52893.30078125,52235.21875,52325.73046875,484856000,52325.73046875
2025-03-03,^MXX,52259.48828125,53372.921875,52010.73828125,52081.58984375,177885000,52081.58984375
2025-03-04,^MXX,51938.91015625,52690.73046875,50964.73046875,52384.71875,262433700,52384.71875
2025-03-05,^MXX,52421.390625,52748.8515625,52276.75,52709.3984375,200899400,52709.3984375
2025-03-06,^MXX,52709.19921875,53372.671875,52392.5390625,52816.4296875,245438200,52816.4296875
2025-03-07,^MXX,52758.921875,52901.23046875,51839.1484375,52839.62890625,190650400,52839.62890625
2025-03-10,^MXX,52858.4609375,52858.4609375,51389.671875,51726.87890625,194675000,51726.87890625
2025-03-11,^MXX,51756.5,51855.25,51159.3984375,51510.6796875,215530600,51510.6796875
2025-03-12,^MXX,51526.87890625,52122.21875,51305.140625,52041.01171875,232437300,52041.01171875
2025-03-13,^MXX,52021.1015625,52268.98046875,51798.69921875,51877.12109375,179916700,51877.12109375
2025-03-14,^MXX,51988.671875,52626.94921875,51983.0390625,52484.28125,226977800,52484.28125
2025-03-18,^MXX,52665.890625,53180.1015625,52598.48828125,52773.3203125,200231400,52773.3203125
2025-03-19,^MXX,52747.05078125,53339.98828125,52677.03125,53060.76171875,213695800,53060.76171875
2025-03-20,^MXX,53093.80078125,53163.80859375,52837.8515625,53100.828125,193186400,53100.828125
2025-03-21,^MXX,53156.44140625,53167.69140625,52525.640625,52672.421875,699295600,52672.421875
2025-03-24,^MXX,52780.7890625,52994.03125,52599.94140625,52674.83984375,153630100,52674.83984375
2025-03-25,^MXX,52670.05859375,53283.3515625,52670.05859375,53203.26171875,186158900,53203.26171875
2025-03-26,^MXX,53258.3984375,53270.671875,52729.12109375,52806.890625,179878100,52806.890625
2025-03-27,^MXX,52782.8515625,53539.859375,52691.21875,53477.73828125,210148600,53477.73828125
2025-03-28,^MXX,53351.33984375,53573.30859375,52716.21875,53172.96875,168304100,53172.96875
2025-03-31,^MXX,53068.6796875,53068.6796875,52149.5,52484.4296875,195253200,52484.4296875
2025-04-01,^MXX,52546.87109375,53417.5,52284.6484375,53337.8984375,208022000,53337.8984375
2025-04-02,^MXX,53235.80078125,53853.48046875,53005.41015625,53800.9296875,173365200,53800.9296875
2025-04-03,^MXX,53438.41015625,54874.9296875,53001.109375,54089.28125,259297600,54089.28125
2025-04-04,^MXX,53818.01953125,53818.01953125,51175.01171875,51452.73046875,168655800,51452.73046875
2025-04-07,^MXX,51313.69921875,51867.05078125,49799.28125,50458.3203125,464057500,50458.3203125
2025-04-08,^MXX,50675.25,51460.75,50174.078125,50316.58984375,338824800,50316.58984375
2025-04-09,^MXX,50362.8515625,52721.890625,49874.0390625,52527.671875,373032500,52527.671875
2025-04-10,^MXX,52531.26953125,52531.26953125,51386.73046875,51514.8203125,266889500,51514.8203125
2025-04-11,^MXX,51550.16015625,52138.640625,51437.421875,51498.8984375,219863200,51498.8984375
2025-04-14,^MXX,51553.55859375,52814.69140625,51553.55859375,52391.3515625,173187400,52391.3515625
2025-04-15,^MXX,52328.7890625,52909.78125,52259.4296875,52643.0390625,177897600,52643.0390625
2025-04-16,^MXX,52699.6796875,53459.5703125,52590.76171875,53018.5703125,168232900,53018.5703125
2025-04-21,^MXX,53117.8203125,53878.359375,53117.44140625,53758.75,166886500,53758.75
2025-04-22,^MXX,53665.03125,54833.671875,53665.03125,54777.83984375,249716500,54777.83984375
2025-04-23,^MXX,54846.48046875,56240.94921875,54846.48046875,55766.578125,239655200,55766.578125
2025-04-24,^MXX,55774.4609375,56730.62890625,55603.71875,56382,249950000,56382
2025-04-25,^MXX,56377.390625,56842.66015625,56058.21875,56720.12109375,217532100,56720.12109375
2025-04-28,^MXX,56804.87890625,57415.859375,56644.37109375,56980.12890625,193000200,56980.12890625
2025-04-29,^MXX,56940.5703125,57098.48046875,55505.2109375,55613.4296875,240938000,55613.4296875
2025-04-30,^MXX,55602.80078125,56336.4609375,55241.51171875,56259.28125,226957400,56259.28125
2025-05-02,^MXX,56302.80078125,56314.16015625,55468.19140625,55811.98828125,187308500,55811.98828125
2025-05-05,^MXX,55754.21875,56013.16015625,55405.87109375,55835.98828125,111481900,55835.98828125
2025-05-06,^MXX,55767.58984375,57456.01171875,55619.078125,57349.828125,166331300,57349.828125
2025-05-07,^MXX,57270.37890625,58077.76953125,57062.94140625,57954.390625,236411100,57954.390625
2025-05-08,^MXX,57949.3515625,58392.6015625,56751.2890625,56866.76171875,204755600,56866.76171875
2025-05-09,^MXX,56771,57268.890625,56456.23828125,56551.1796875,178391500,56551.1796875
2025-05-12,^MXX,56985.19140625,57215.87109375,55872.66015625,56765.578125,157919700,56765.578125
2025-05-13,^MXX,56773.03125,57782.859375,56541.2890625,57357.5390625,192326600,57357.5390625
2025-05-14,^MXX,57421.5703125,57710.05859375,57133.8515625,57644.94140625,186765600,57644.94140625
2025-05-15,^MXX,57579.73046875,58113.53125,57179.19921875,57959.71875,166967600,57959.71875
2025-05-16,^MXX,57970.87890625,58223.94140625,57685.8203125,57987.140625,126627200,57987.140625
2025-05-19,^MXX,58016.73828125,58857.609375,57764.23828125,58493.390625,174052700,58493.390625
2025-05-20,^MXX,58413.01171875,58791.6484375,58250.98828125,58311.1484375,199140300,58311.1484375
2025-05-21,^MXX,58276.0390625,58632.23046875,58071.1015625,58568.01171875,172971700,58568.01171875
2025-05-22,^MXX,58397.58984375,58561.76953125,57795.6796875,57894.8203125,185193000,57894.8203125
2025-05-23,^MXX,57707.6015625,58492.08984375,57234.37890625,58410.37109375,166225100,58410.37109375
2025-05-26,^MXX,58337.46875,58536.51953125,58225.859375,58459.16015625,30513200,58459.16015625
2025-05-27,^MXX,58449.16015625,59735.4296875,58324.5,58593.828125,233318900,58593.828125
2025-05-28,^MXX,58502.421875,58992.1796875,58409.80078125,58735.859375,217764500,58735.859375
2025-05-29,^MXX,58699.359375,59079.3203125,58565.87109375,58614.41015625,168519600,58614.41015625
2025-05-30,^MXX,58562.80078125,58578.91015625,57796.140625,57841.69140625,544076100,57841.69140625
2025-06-02,^MXX,57973.3984375,58600.78125,57609.71875,57705.48046875,193378900,57705.48046875
2025-06-03,^MXX,57696.609375,57866.94921875,57443.58984375,57639.0703125,183189600,57639.0703125
2025-06-04,^MXX,57568.12890625,57941.05078125,57415.51171875,57484.51953125,198018300,57484.51953125
2025-06-05,^MXX,57487.80859375,57981.4609375,57487.80859375,57777.48828125,161668600,57777.48828125
2025-06-06,^MXX,57704.12890625,58157.2890625,57145.55859375,58061.41015625,154880900,58061.41015625
2025-06-09,^MXX,58147.58984375,58325.75,57748.98828125,57813.37890625,106858800,57813.37890625
2025-06-10,^MXX,57686.73828125,58173.9609375,57608.4296875,58098.51171875,162634800,58098.51171875
2025-06-11,^MXX,58064.578125,58431.078125,57728.03125,57767.328125,212579900,57767.328125
2025-06-12,^MXX,57766.5703125,58098.58984375,57488.53125,57829.73828125,206129500,57829.73828125
2025-06-13,^MXX,57726.421875,57726.421875,57156.48046875,57438.5703125,169109300,57438.5703125
2025-06-16,^MXX,57495.7109375,57834.53125,56980.578125,57046.8515625,189202000,57046.8515625
2025-06-17,^MXX,56963.94140625,57119.28125,56539.26953125,56676.8203125,166601700,56676.8203125
2025-06-18,^MXX,56635.26953125,56945.12109375,56423.6484375,56729.5703125,169049100,56729.5703125
2025-06-19,^MXX,56745.71875,56823.6015625,56018.55859375,56068.16015625,32711700,56068.16015625
2025-06-20,^MXX,56122.2109375,56427.33984375,55920.25,56264.69140625,1128789100,56264.69140625
2025-06-23,^MXX,56104.73828125,56192.76171875,55603.76953125,56080.05859375,141476100,56080.05859375
2025-06-24,^MXX,56060.4609375,56807.921875,56054.53125,56743.28125,155703300,56743.28125
2025-06-25,^MXX,56630.5,57076.078125,56630.5,56933.19140625,198069800,56933.19140625
2025-06-26,^MXX,56926.37109375,57620.71875,56681.9609375,57474.19140625,139118600,57474.19140625
2025-06-27,^MXX,57489.80859375,57901.21875,57318.0703125,57391.51171875,145717800,57391.51171875
2025-06-30,^MXX,57336.0390625,57886.6796875,57334.55078125,57450.87890625,171950600,57450.87890625
2025-07-01,^MXX,57446.30859375,57870.109375,57244.8515625,57813.8203125,154918300,57813.8203125
2025-07-02,^MXX,57806.25,58452.078125,57806.25,58346.71875,233051600,58346.71875
2025-07-03,^MXX,58313.6484375,58680.87109375,57785.62890625,57890.98828125,153607400,57890.98828125
2025-07-04,^MXX,57930.1015625,58078.48828125,57852.87890625,57977.76171875,18755700,57977.76171875
2025-07-07,^MXX,58005.609375,58062.859375,57342.87109375,57423.3984375,129960800,57423.3984375
2025-07-08,^MXX,57338.26953125,57434.2890625,56821.69921875,57183.3203125,135810100,57183.3203125
2025-07-09,^MXX,57159.71875,57232.98046875,56617.76953125,56687.5390625,177519600,56687.5390625
2025-07-10,^MXX,56660.33984375,56809.7109375,56370.48828125,56739.8984375,164963200,56739.8984375
2025-07-11,^MXX,56618.12109375,56779.3515625,56100.69140625,56593.6484375,145037400,56593.6484375
2025-07-14,^MXX,56567.2890625,56655.94140625,56085.23828125,56362.671875,146742700,56362.671875
2025-07-15,^MXX,56405.55078125,56716.55859375,56186.5,56482.91015625,185149100,56482.91015625
2025-07-16,^MXX,56448.46875,56714.08984375,56368.19140625,56503.0390625,176679300,56503.0390625
2025-07-17,^MXX,56413.5,56864.03125,56358.33984375,56714.921875,214690600,56714.921875
2025-07-18,^MXX,56724.73046875,56798.078125,56190.609375,56273.44921875,169999000,56273.44921875
2025-07-21,^MXX,56325.890625,56425.08984375,55738.828125,55841.30078125,208490000,55841.30078125
2025-07-22,^MXX,55945.109375,56020.859375,55287.8984375,55517.80859375,249620700,55517.80859375
2025-07-23,^MXX,55718.87109375,56556.76953125,55689.6484375,56478.8984375,312979800,56478.8984375
2025-07-24,^MXX,56713.078125,57091.23828125,56511.44140625,57035.8984375,224596700,57035.8984375
2025-07-25,^MXX,56960.37109375,57358.078125,56772.58984375,57323.140625,147271700,57323.140625
2025-07-28,^MXX,57369.62109375,57369.62109375,56608.03125,57083.55859375,187572600,57083.55859375
2025-07-29,^MXX,57052.1015625,57961.2890625,56566.25,57820.78125,162399600,57820.78125
2025-07-30,^MXX,57787.8515625,57959.6015625,57207.8984375,57395.8515625,187189000,57395.8515625
2025-07-31,^MXX,57280.58984375,57693.44921875,57091.1484375,57397.9296875,194415200,57397.9296875
2025-08-01,^MXX,57485.5703125,57485.5703125,56721.55078125,56900.0703125,142620500,56900.0703125
2025-08-04,^MXX,56851.8984375,56934.80859375,56486.859375,56650.26171875,168528200,56650.26171875
2025-08-05,^MXX,56545.6796875,57156.1015625,56545.6796875,57071.55859375,132849500,57071.55859375
2025-08-06,^MXX,57021.37890625,57692.37109375,57021.37890625,57154.21875,151734500,57154.21875
2025-08-07,^MXX,57102.2109375,58301.7109375,57102.2109375,58260.87890625,169427900,58260.87890625
2025-08-08,^MXX,58264.078125,58496.3984375,58028.48828125,58070.171875,110022800,58070.171875
2025-08-11,^MXX,58034.359375,58441.1796875,58021.359375,58342.87109375,135637600,58342.87109375
2025-08-12,^MXX,58303.44140625,58828.46875,58233.171875,58675.0390625,162638000,58675.0390625
2025-08-13,^MXX,58661.46875,58847.2109375,58341.01953125,58477.5703125,163130300,58477.5703125
2025-08-14,^MXX,58334,58405.91015625,57922.421875,58167.26953125,100882500,58167.26953125
2025-08-15,^MXX,58117,58541.328125,58117,58320.48046875,91076800,58320.48046875
2025-08-18,^MXX,58378.87109375,58486.28125,58028.55859375,58319.69921875,131255300,58319.69921875
2025-08-19,^MXX,58224.28125,58534.62890625,58209.41015625,58462.7890625,138750100,58462.7890625
2025-08-20,^MXX,58436.44921875,58565.58984375,58124.25,58221.46875,114319600,58221.46875
2025-08-21,^MXX,58169.859375,58838.8203125,58169.859375,58663.96875,210627500,58663.96875
2025-08-22,^MXX,58598.1484375,59399.71875,58564.05078125,59225.48046875,278168900,59225.48046875
2025-08-25,^MXX,59242.390625,59250.2109375,58400.12890625,58492.12890625,130126700,58492.12890625
2025-08-26,^MXX,58504.21875,58623.4609375,58058.01171875,58132.3984375,370248900,58132.3984375
2025-08-27,^MXX,58138.3203125,58699.37109375,57623.87109375,58647.51953125,178606200,58647.51953125
2025-08-28,^MXX,58663.98828125,59421.609375,58531.28125,59151.6796875,159754300,59151.6796875
2025-08-29,^MXX,59218.578125,59256.859375,58670.5703125,58708.859375,174166900,58708.859375
2025-09-01,^MXX,58670.2890625,58982.75,58398.75,58865.03125,21556400,58865.03125
2025-09-02,^MXX,58949.48828125,59822.80859375,58503.8984375,59747.87890625,159097300,59747.87890625
2025-09-03,^MXX,59735.03125,60120.44140625,59449.94921875,59651.5703125,191416200,59651.5703125
2025-09-04,^MXX,59659.48046875,59937.23828125,59331.23046875,59867.62109375,175744200,59867.62109375
2025-09-05,^MXX,59954.9296875,60560.44140625,59954.9296875,60479.76171875,186046700,60479.76171875
2025-09-08,^MXX,60489.140625,60684.3515625,60199.83984375,60649.76171875,175925500,60649.76171875
2025-09-09,^MXX,60688.05859375,60820.859375,60447.12890625,60679.53125,172272600,60679.53125
2025-09-10,^MXX,60643.140625,60987.3515625,60431.62890625,60489.19140625,156040900,60489.19140625
2025-09-11,^MXX,60686.62890625,61886.12109375,60605.3203125,61553.578125,201091300,61553.578125
2025-09-12,^MXX,61596.890625,61941.98828125,61535.9609375,61798.94140625,157237100,61798.94140625
2025-09-15,^MXX,61894.8515625,62252.12890625,61730.359375,62102.12890625,134046500,62102.12890625
2025-09-17,^MXX,61926.2890625,62177.859375,61493.16015625,61596.23046875,217955800,61596.23046875
2025-09-18,^MXX,61605.75,61605.75,60860.08984375,61323.94921875,249209100,61323.94921875
2025-09-19,^MXX,61301.21875,61680.69140625,61085.4609375,61200.26953125,1099809700,61200.26953125
2025-09-22,^MXX,61175.55859375,62051.33984375,61102.76953125,62004.109375,106765300,62004.109375
2025-09-23,^MXX,61983.80078125,62453.19140625,61833.76171875,62368.19140625,158765000,62368.19140625
2025-09-24,^MXX,62484.140625,62665.94140625,61689.640625,61905.94921875,179966700,61905.94921875
2025-09-25,^MXX,61796.62890625,62273.9296875,61688.19140625,61945.0390625,133100900,61945.0390625
2025-09-26,^MXX,61914.69921875,62548.58984375,61899.73046875,62307.0703125,151682200,62307.0703125
2025-09-29,^MXX,62274.62890625,62962.9296875,62274.62890625,62610.12109375,160834900,62610.12109375
2025-09-30,^MXX,62521.05859375,63128.53125,62397.58984375,62915.5703125,271752100,62915.5703125
2025-10-01,^MXX,62946.16015625,63182.58984375,61710.578125,61929.71875,174385300,61929.71875
2025-10-02,^MXX,61947.1484375,62290.1015625,61184.80859375,62220.30859375,166009500,62220.30859375
2025-10-03,^MXX,62132.5,62521.921875,61774.12109375,61984.4296875,135294700,61984.4296875
2025-10-06,^MXX,60749.6484375,60933.921875,60110.48046875,60404.19140625,143999600,60404.19140625
2025-10-07,^MXX,60414.48828125,60828.421875,60155.69140625,60215.75,131557600,60215.75
2025-10-08,^MXX,60178.2890625,60930.9296875,60178.2890625,60888.55859375,145654300,60888.55859375
2025-10-09,^MXX,60931.1015625,61274.75,60388.66015625,60819.30859375,169959500,60819.30859375
2025-10-10,^MXX,60869.44140625,61160.671875,60455.3203125,60568.9296875,160808600,60568.9296875
2025-10-13,^MXX,60808,61471.69921875,60678.03125,61045.08984375,99915000,61045.08984375
2025-10-14,^MXX,60967.3203125,61044.140625,60698.98828125,60785.62109375,166807300,60785.62109375
2025-10-15,^MXX,60927.26953125,61716.7109375,60927.26953125,61637.5390625,298666600,61637.5390625
2025-10-16,^MXX,61652.44921875,62920.80078125,61611.328125,62544.55859375,161659600,62544.55859375
2025-10-17,^MXX,62501.48828125,62501.48828125,61482.91015625,61743.921875,178466800,61743.921875
2025-10-20,^MXX,61871.328125,62086.51953125,61159.05078125,61672.3515625,139130800,61672.3515625
2025-10-21,^MXX,61582.890625,61582.890625,60599.1015625,60773.78125,147256700,60773.78125
2025-10-22,^MXX,60779.03125,61391.53125,60695.23828125,61308.19921875,147366900,61308.19921875
2025-10-23,^MXX,61299.12109375,61643.03125,60983.55859375,61511.94921875,147342600,61511.94921875
2025-10-24,^MXX,61741.03125,61836.01171875,61018.71875,61145.48828125,158562100,61145.48828125
2025-10-27,^MXX,61424.8515625,62065.05078125,61219.44921875,61860.30078125,158251500,61860.30078125
2025-10-28,^MXX,61900.30078125,62879.30859375,61900.30078125,62795.23828125,230140600,62795.23828125
2025-10-29,^MXX,62569.05859375,63540.28125,62558.71875,63352.8515625,110231300,63352.8515625
2025-10-30,^MXX,63014.08984375,63275.828125,62841.21875,62889.859375,180280900,62889.859375
2025-10-31,^MXX,63007.8984375,63229.48828125,62433.828125,62769.1796875,245954000,62769.1796875
2025-11-03,^MXX,62729.51171875,62834.98828125,62102.05859375,62653.890625,73037700,62653.890625
2025-11-04,^MXX,61880.1796875,62817.23828125,61289.76953125,62390.73046875,129590700,62390.73046875
2025-11-05,^MXX,62288.1796875,63682.80078125,62288.1796875,63378.51171875,197026600,63378.51171875
2025-11-06,^MXX,63458.48046875,63599.55859375,62996.48828125,63093.12109375,140698900,63093.12109375
2025-11-07,^MXX,63149.7890625,63491.55078125,62971.58984375,63376.12890625,134553200,63376.12890625
2025-11-10,^MXX,63379.6484375,63633.58984375,63061.8984375,63094.01171875,152139300,63094.01171875
2025-11-11,^MXX,63178.6484375,64406.2109375,63153.25,64321.26953125,152349500,64321.26953125
2025-11-12,^MXX,64195.1015625,64365.75,63098.359375,63190.66015625,166923200,63190.66015625
2025-11-13,^MXX,63316.55859375,63686.44921875,62449.73828125,62529.44140625,156917500,62529.44140625
2025-11-14,^MXX,62487.359375,62820.87890625,62180.96875,62328.62890625,168643000,62328.62890625
2025-11-18,^MXX,62388.78125,62734.23828125,61901.53125,61984.44921875,199835000,61984.44921875
2025-11-19,^MXX,61964.1796875,62387.7109375,61790.359375,62080.578125,187671000,62080.578125
2025-11-20,^MXX,62091.08984375,62764.30859375,61590.578125,61672.19140625,142360200,61672.19140625
2025-11-21,^MXX,61655.390625,62358.890625,61454.5390625,61877.26953125,172129800,61877.26953125
2025-11-24,^MXX,61840.51171875,62648.05859375,61840.51171875,62522.609375,546770100,62522.609375
2025-11-25,^MXX,62461.23046875,63266.87890625,62391.5390625,63214.55859375,121380900,63214.55859375
2025-11-26,^MXX,63257.8515625,63592.46875,62987.390625,63242.7109375,134309000,63242.7109375
2025-11-27,^MXX,63221.23046875,63298.3203125,62623.51171875,62694.73046875,28964300,62694.73046875
2025-11-28,^MXX,62736.828125,63876.4296875,62577.94140625,63596.78125,96877700,63596.78125
2025-12-01,^MXX,63720.62890625,63809.73046875,63106.87109375,63551.12890625,168107500,63551.12890625
2025-12-02,^MXX,63556.16015625,64077.48046875,63532.140625,63820.609375,165680600,63820.609375
2025-12-03,^MXX,63816.78125,63938.0390625,63326.671875,63597.44140625,140339400,63597.44140625
2025-12-04,^MXX,63587.51953125,63760.73828125,63411.5703125,63714.859375,143744400,63714.859375
2025-12-05,^MXX,63745.2109375,64006.48046875,63338.26171875,63378.30078125,109971100,63378.30078125
2025-12-08,^MXX,63496.46875,63794.01171875,63166.48828125,63528,142320000,63528
2025-12-09,^MXX,63602.03125,64087.30859375,63317.01953125,63694.6796875,184967300,63694.6796875
2025-12-10,^MXX,63674.19140625,63847.98046875,63227.73828125,63409.3984375,162291900,63409.3984375
2025-12-11,^MXX,63448.48828125,65016.87109375,63448.48828125,64712.0703125,169325000,64712.0703125
2025-12-15,^MXX,64736.671875,65250.140625,64218.58984375,64326.16015625,192760400,64326.16015625
2025-12-16,^MXX,64401.890625,64401.890625,63170.83984375,63230.87109375,181538400,63230.87109375
2025-12-17,^MXX,63304.87109375,63537.23828125,62461.05859375,62528.05859375,183193500,62528.05859375
2025-12-18,^MXX,62692.4609375,63913.55859375,62541.76953125,63807.3203125,140430600,63807.3203125
2025-12-19,^MXX,63776.921875,64408.25,63560.9296875,63966.98046875,639370000,63966.98046875
2025-12-22,^MXX,64102,64880.76953125,63720.48828125,64778.1796875,145622100,64778.1796875
2025-12-23,^MXX,64780.98828125,65683.078125,64661.3203125,65595.40625,132166700,65595.40625
2025-12-24,^MXX,65667.578125,65722.9609375,65225.5,65616.4296875,16353800,65616.4296875
2025-12-26,^MXX,65719.671875,65882.59375,65507.76953125,65636.359375,23142800,65636.359375
2025-12-29,^MXX,65608.5390625,65608.5390625,65213.1484375,65347.078125,84397100,65347.078125
2025-12-30,^MXX,65468.671875,65697.6328125,64329.73828125,64366.69921875,70494300,64366.69921875
2025-12-31,^MXX,64450.05859375,64457.69140625,63936.1484375,64308.2890625,60516200,64308.2890625
2026-01-02,^MXX,64366.62109375,65090.03125,63802.140625,64141.359375,44991600,64141.359375
2026-01-05,^MXX,64306.171875,65425.9609375,64306.171875,65014.37109375,89779700,65014.37109375
2026-01-06,^MXX,65137.390625,65630.53125,64871.62890625,65022.23828125,190182900,65022.23828125
2026-01-07,^MXX,64942.30078125,65156.62890625,64043.1484375,64871.69921875,126392600,64871.69921875
2026-01-08,^MXX,64874.109375,65617.3984375,64477.62890625,65521.01171875,147361800,65521.01171875
2026-01-09,^MXX,65542.0703125,66152.7265625,65384.5703125,66062.6171875,178314200,66062.6171875
2026-01-12,^MXX,66113.53125,66942.8671875,66038.6015625,66745.609375,148969200,66745.609375
2026-01-13,^MXX,66839.7265625,66913.6796875,66214.1171875,66337.421875,212215200,66337.421875
2026-01-14,^MXX,66485.828125,67561.890625,66228.171875,67403.078125,169954200,67403.078125
2026-01-15,^MXX,67464.6796875,67656.96875,66456.3671875,66649.28125,223545400,66649.28125
2026-01-16,^MXX,66632.71875,67229.1875,66511.2734375,67141.109375,192264800,67141.109375
2026-01-19,^MXX,67254.28125,67553.1015625,66762.2890625,67467.8203125,31597200,67467.8203125
2026-01-20,^MXX,67462.8828125,67945.2578125,66851.34375,67683.3828125,173477100,67683.3828125
2026-01-21,^MXX,67735.2734375,68761.3671875,67735.2734375,68036.1328125,189830800,68036.1328125
2026-01-22,^MXX,67989.828125,68799.703125,67964.96875,68347.9765625,181540000,68347.9765625
2026-01-23,^MXX,68438.859375,68533.3828125,67493.5625,68195.1484375,154468400,68195.1484375
2026-01-26,^MXX,68420.1015625,69366.7109375,68420.1015625,68706.03125,143994100,68706.03125
2026-01-27,^MXX,68612.71875,69255.140625,68336.046875,68877.640625,203537500,68877.640625
2026-01-28,^MXX,69073.5625,70037.7890625,69038.6171875,69959.7265625,196931000,69959.7265625
2026-01-29,^MXX,70297.8515625,70483.15625,69033.5234375,69492.4296875,202993900,69492.4296875
2026-01-30,^MXX,69190.03125,69190.03125,67468.0390625,67598.953125,221149100,67598.953125
2026-02-03,^MXX,68001.1171875,70111.7421875,67979.9765625,69735.0625,221519800,69735.0625
2026-02-04,^MXX,69888.5625,69888.5625,68186.9609375,68730.6875,218824500,68730.6875
2026-02-05,^MXX,68335.703125,69181.1171875,67721.96875,68858.28125,166832400,68858.28125
2026-02-06,^MXX,68798.3125,70870.5703125,68725.65625,70809.5703125,211525500,70809.5703125
2026-02-09,^MXX,70806.1796875,71551.2890625,70651.28125,71509.453125,143433600,71509.453125
2026-02-10,^MXX,71535.9609375,71715.3203125,71072.4609375,71271.5625,164634400,71271.5625
2026-02-11,^MXX,71461,71675.640625,70594.140625,71601.3515625,189694400,71601.3515625
2026-02-12,^MXX,71581.15625,72111.40625,70465.71875,70888.0390625,263858900,70888.0390625
2026-02-13,^MXX,70973.1875,71558.7265625,70329.2890625,71478.8125,159292900,71478.8125
2026-02-16,^MXX,71468.9921875,71535.0234375,71180.078125,71353.2890625,17352800,71353.2890625
2026-02-17,^MXX,71288.078125,71288.078125,70691.03125,71155.6875,142942700,71155.6875
2026-02-18,^MXX,71156.9296875,71694.8828125,70771.9609375,70885.21875,181882700,70885.21875
2026-02-19,^MXX,70771.21875,71284.5078125,70691.078125,70845.65625,145226200,70845.65625
2026-02-20,^MXX,70715.5234375,71478.09375,70715.5234375,71436.546875,133829700,71436.546875
2026-02-23,^MXX,71171.6796875,71713.4765625,70141.84375,70633.7734375,145171300,70633.7734375
2026-02-24,^MXX,70656.4609375,71114.3671875,69853.6015625,70934.8203125,234152000,70934.8203125
2026-02-25,^MXX,71230.7421875,71358.671875,70626.6015625,71144.3515625,207550900,71144.3515625
2026-02-26,^MXX,71026.28125,71440.2734375,70795.171875,71390.1015625,216100000,71390.1015625
2026-02-27,^MXX,71325.96875,71890.34375,70925.1796875,71405.7734375,359876400,71405.7734375
2026-03-02,^MXX,71487.8203125,71487.8203125,70092.859375,70584.75,177778500,70584.75
2026-03-03,^MXX,70241.890625,70241.890625,66938.453125,68436.2578125,233775400,68436.2578125
2026-03-04,^MXX,68447.859375,70513.203125,68394.6875,70428.03125,185020800,70428.03125
2026-03-05,^MXX,70362.09375,70456.1796875,68306.1484375,68379.421875,179296700,68379.421875
2026-03-06,^MXX,68167.8671875,68366.8671875,67270.40625,67313.5,159702900,67313.5
2026-03-09,^MXX,67180.140625,67180.140625,65426.98046875,66890.2734375,208956900,66890.2734375
2026-03-10,^MXX,67111.640625,67866.6484375,67023.9375,67397.9375,222439000,67397.9375
2026-03-11,^MXX,67363.21875,67644.640625,67014.65625,67559.78125,217513200,67559.78125
2026-03-12,^MXX,67448.5703125,67480.640625,65923.0390625,66085.8125,174883400,66085.8125
2026-03-13,^MXX,66106.96875,66515.640625,65575.921875,65648.90625,104652900,65648.90625
2026-03-17,^MXX,65829.46875,66691.96875,65820.3125,66196.921875,184778200,66196.921875
2026-03-18,^MXX,66108.1015625,66163.7890625,65679.359375,65779.2265625,229922300,65779.2265625
2026-03-19,^MXX,65259.76953125,65336.62890625,64444.46875,65199.3984375,152993900,65199.3984375
2026-03-20,^MXX,65210.53125,65291.26171875,63781.25,64134.8984375,514282400,64134.8984375
2026-03-23,^MXX,64290.5390625,64815.87109375,64099.55078125,64370.94921875,144444200,64370.94921875
2026-03-24,^MXX,64328.80078125,65978.8125,64119.80859375,65775.140625,176930700,65775.140625
2026-03-25,^MXX,66008.5390625,68267.203125,66008.5390625,68187.6015625,202979600,68187.6015625
2026-03-26,^MXX,67936.03125,67936.03125,66969.328125,67061.34375,222426300,67061.34375
2026-03-27,^MXX,67105.171875,67423.7578125,66546.75,66685.7578125,187736300,66685.7578125
2026-03-30,^MXX,66728.96875,67594.421875,66728.96875,67087.640625,101691600,67087.640625
